review_cost,wrong_approval_cost,threshold,policy,n_claims,auto_approved,reviewed,wrong_approvals,auto_rate,wrong_auto_rate,wrong_rate_low,wrong_rate_high,wrong_per_1000,gross_review_savings,automation_cost,wrong_approval_loss,net_cost,net_savings,handling_hours,mean_turnaround_hours
8.0,100.0,0.8,Manual,6627,0,6627,0,0.0,,,,0.0,0.0,0.0,0.0,53016.0,0.0,1325.4,24.2
8.0,100.0,0.8,Checks,6627,5858,769,159,0.8839595593783008,0.02714236940935473,0.023280788856429507,0.03162373125206336,23.99275690357628,46864.0,2050.2999999999997,22781.34,30983.639999999992,22032.360000000008,178.20833333333334,2.811861827875861
8.0,100.0,0.8,Checks + score,6627,5795,832,146,0.8744529953221669,0.025194132873166523,0.02146282204151792,0.029554539770882675,22.031084955485138,46360.0,2028.2499999999998,20698.45,29382.699999999997,23633.300000000003,190.54583333333332,3.041881067350736
8.0,100.0,0.805,Manual,6627,0,6627,0,0.0,,,,0.0,0.0,0.0,0.0,53016.0,0.0,1325.4,24.2
8.0,100.0,0.805,Checks,6627,5858,769,159,0.8839595593783008,0.02714236940935473,0.023280788856429507,0.03162373125206336,23.99275690357628,46864.0,2050.2999999999997,22781.34,30983.639999999992,22032.360000000008,178.20833333333334,2.811861827875861
8.0,100.0,0.805,Checks + score,6627,5792,835,146,0.8740003017956843,0.02520718232044199,0.021473958379143225,0.02956981065691877,22.031084955485138,46336.0,2027.1999999999998,20698.45,29405.649999999994,23610.350000000006,191.13333333333333,3.0528343644685885
8.0,100.0,0.81,Manual,6627,0,6627,0,0.0,,,,0.0,0.0,0.0,0.0,53016.0,0.0,1325.4,24.2
8.0,100.0,0.81,Checks,6627,5858,769,159,0.8839595593783008,0.02714236940935473,0.023280788856429507,0.03162373125206336,23.99275690357628,46864.0,2050.2999999999997,22781.34,30983.639999999992,22032.360000000008,178.20833333333334,2.811861827875861
8.0,100.0,0.81,Checks + score,6627,5786,841,145,0.8730949147427192,0.02506049083995852,0.021337001341170954,0.02941423164592838,21.88018711332428,46288.0,2025.1,20588.440000000002,29341.539999999994,23674.460000000006,192.30833333333334,3.074740958704291
8.0,100.0,0.8150000000000001,Manual,6627,0,6627,0,0.0,,,,0.0,0.0,0.0,0.0,53016.0,0.0,1325.4,24.2
8.0,100.0,0.8150000000000001,Checks,6627,5858,769,159,0.8839595593783008,0.02714236940935473,0.023280788856429507,0.03162373125206336,23.99275690357628,46864.0,2050.2999999999997,22781.34,30983.639999999992,22032.360000000008,178.20833333333334,2.811861827875861
8.0,100.0,0.8150000000000001,Checks + score,6627,5777,850,145,0.8717368341632714,0.025099532629392417,0.02137030065288654,0.02945994524072175,21.88018711332428,46216.0,2021.9499999999998,20588.440000000002,29410.39,23605.61,194.07083333333333,3.1076008500578443
8.0,100.0,0.8200000000000001,Manual,6627,0,6627,0,0.0,,,,0.0,0.0,0.0,0.0,53016.0,0.0,1325.4,24.2
8.0,100.0,0.8200000000000001,Checks,6627,5858,769,159,0.8839595593783008,0.02714236940935473,0.023280788856429507,0.03162373125206336,23.99275690357628,46864.0,2050.2999999999997,22781.34,30983.639999999992,22032.360000000008,178.20833333333334,2.811861827875861
8.0,100.0,0.8200000000000001,Checks + score,6627,5773,854,144,0.871133242794628,0.02494370344708124,0.021225559684601276,0.02929367213923824,21.729289271163424,46184.0,2020.55,20452.5,29305.049999999996,23710.950000000004,194.85416666666666,3.1222052462149787
8.0,100.0,0.8250000000000001,Manual,6627,0,6627,0,0.0,,,,0.0,0.0,0.0,0.0,53016.0,0.0,1325.4,24.2
8.0,100.0,0.8250000000000001,Checks,6627,5858,769,159,0.8839595593783008,0.02714236940935473,0.023280788856429507,0.03162373125206336,23.99275690357628,46864.0,2050.2999999999997,22781.34,30983.639999999992,22032.360000000008,178.20833333333334,2.811861827875861
8.0,100.0,0.8250000000000001,Checks + score,6627,5764,863,142,0.8697751622151804,0.024635669673837613,0.02093926415382383,0.02896529633202585,21.42749358684171,46112.0,2017.3999999999999,20144.68,29066.079999999994,23949.920000000006,196.61666666666667,3.1550651375685326
8.0,100.0,0.8300000000000001,Manual,6627,0,6627,0,0.0,,,,0.0,0.0,0.0,0.0,53016.0,0.0,1325.4,24.2
8.0,100.0,0.8300000000000001,Checks,6627,5858,769,159,0.8839595593783008,0.02714236940935473,0.023280788856429507,0.03162373125206336,23.99275690357628,46864.0,2050.2999999999997,22781.34,30983.639999999992,22032.360000000008,178.20833333333334,2.811861827875861
8.0,100.0,0.8300000000000001,Checks + score,6627,5753,874,141,0.8681152859514109,0.024508951851208067,0.02081939397173556,0.028833109929014465,21.27659574468085,46024.0,2013.55,19960.92,28966.469999999994,24049.530000000006,198.77083333333334,3.195227227000654
8.0,100.0,0.8350000000000001,Manual,6627,0,6627,0,0.0,,,,0.0,0.0,0.0,0.0,53016.0,0.0,1325.4,24.2
8.0,100.0,0.8350000000000001,Checks,6627,5858,769,159,0.8839595593783008,0.02714236940935473,0.023280788856429507,0.03162373125206336,23.99275690357628,46864.0,2050.2999999999997,22781.34,30983.639999999992,22032.360000000008,178.20833333333334,2.811861827875861
8.0,100.0,0.8350000000000001,Checks + score,6627,5746,881,140,0.8670590010562849,0.024364775495997214,0.020684681172439507,0.02868043525094161,21.125697902519995,45968.0,2011.1,19777.16,28836.259999999995,24179.740000000005,200.14166666666668,3.2207849202756402
8.0,100.0,0.8400000000000001,Manual,6627,0,6627,0,0.0,,,,0.0,0.0,0.0,0.0,53016.0,0.0,1325.4,24.2
8.0,100.0,0.8400000000000001,Checks,6627,5858,769,159,0.8839595593783008,0.02714236940935473,0.023280788856429507,0.03162373125206336,23.99275690357628,46864.0,2050.2999999999997,22781.34,30983.639999999992,22032.360000000008,178.20833333333334,2.811861827875861
8.0,100.0,0.8400000000000001,Checks + score,6627,5737,890,138,0.8657009204768372,0.024054383824298413,0.020396602765711022,0.02834914210904741,20.82390221819828,45896.0,2007.9499999999998,19556.809999999998,28684.759999999995,24331.240000000005,201.90416666666667,3.2536448116291936
8.0,100.0,0.8450000000000001,Manual,6627,0,6627,0,0.0,,,,0.0,0.0,0.0,0.0,53016.0,0.0,1325.4,24.2
8.0,100.0,0.8450000000000001,Checks,6627,5858,769,159,0.8839595593783008,0.02714236940935473,0.023280788856429507,0.03162373125206336,23.99275690357628,46864.0,2050.2999999999997,22781.34,30983.639999999992,22032.360000000008,178.20833333333334,2.811861827875861
8.0,100.0,0.8450000000000001,Checks + score,6627,5726,901,137,0.8640410442130677,0.023925951798812434,0.020275333518797057,0.028214942372948363,20.673004376037422,45808.0,2004.1,19446.47,28658.569999999996,24357.430000000004,204.05833333333334,3.293806901061315
8.0,100.0,0.8500000000000001,Manual,6627,0,6627,0,0.0,,,,0.0,0.0,0.0,0.0,53016.0,0.0,1325.4,24.2
8.0,100.0,0.8500000000000001,Checks,6627,5858,769,159,0.8839595593783008,0.02714236940935473,0.023280788856429507,0.03162373125206336,23.99275690357628,46864.0,2050.2999999999997,22781.34,30983.639999999992,22032.360000000008,178.20833333333334,2.811861827875861
8.0,100.0,0.8500000000000001,Checks + score,6627,5716,911,136,0.8625320657914591,0.023792862141357594,0.020150119062553574,0.028075272353880056,20.522106533876567,45728.0,2000.6,19262.71,28551.309999999994,24464.690000000006,206.01666666666668,3.3303178914541522
8.0,100.0,0.8550000000000001,Manual,6627,0,6627,0,0.0,,,,0.0,0.0,0.0,0.0,53016.0,0.0,1325.4,24.2
8.0,100.0,0.8550000000000001,Checks,6627,5858,769,159,0.8839595593783008,0.02714236940935473,0.023280788856429507,0.03162373125206336,23.99275690357628,46864.0,2050.2999999999997,22781.34,30983.639999999992,22032.360000000008,178.20833333333334,2.811861827875861
8.0,100.0,0.8550000000000001,Checks + score,6627,5703,924,135,0.8605703938433681,0.02367175170962651,0.020035071597526283,0.02794971914907513,20.371208691715708,45624.0,1996.05,19078.949999999997,28466.999999999993,24549.000000000007,208.5625,3.377782178964841
8.0,100.0,0.8600000000000001,Manual,6627,0,6627,0,0.0,,,,0.0,0.0,0.0,0.0,53016.0,0.0,1325.4,24.2
8.0,100.0,0.8600000000000001,Checks,6627,5858,769,159,0.8839595593783008,0.02714236940935473,0.023280788856429507,0.03162373125206336,23.99275690357628,46864.0,2050.2999999999997,22781.34,30983.639999999992,22032.360000000008,178.20833333333334,2.811861827875861
8.0,100.0,0.8600000000000001,Checks + score,6627,5687,940,131,0.8581560283687943,0.023034992087216457,0.01944605414835017,0.02726788004373839,19.76761732307228,45496.0,1990.4499999999998,18453.64,27964.089999999997,25051.910000000003,211.69583333333333,3.4361997635933808
8.0,100.0,0.8650000000000001,Manual,6627,0,6627,0,0.0,,,,0.0,0.0,0.0,0.0,53016.0,0.0,1325.4,24.2
8.0,100.0,0.8650000000000001,Checks,6627,5858,769,159,0.8839595593783008,0.02714236940935473,0.023280788856429507,0.03162373125206336,23.99275690357628,46864.0,2050.2999999999997,22781.34,30983.639999999992,22032.360000000008,178.20833333333334,2.811861827875861
8.0,100.0,0.8650000000000001,Checks + score,6627,5662,965,127,0.8543835823147728,0.022430236665489225,0.018884668399166034,0.026623416401510364,19.16402595442885,45296.0,1981.6999999999998,17963.620000000003,27665.319999999996,25350.680000000004,216.59166666666667,3.5274772395754743
8.0,100.0,0.8700000000000001,Manual,6627,0,6627,0,0.0,,,,0.0,0.0,0.0,0.0,53016.0,0.0,1325.4,24.2
8.0,100.0,0.8700000000000001,Checks,6627,5858,769,159,0.8839595593783008,0.02714236940935473,0.023280788856429507,0.03162373125206336,23.99275690357628,46864.0,2050.2999999999997,22781.34,30983.639999999992,22032.360000000008,178.20833333333334,2.811861827875861
8.0,100.0,0.8700000000000001,Checks + score,6627,5641,986,124,0.8512147276293949,0.021981918099627726,0.018468380720237786,0.026146086406705155,18.71133242794628,45128.0,1974.35,17625.300000000003,27487.649999999998,25528.350000000002,220.70416666666668,3.6041503194004325
8.0,100.0,0.8750000000000001,Manual,6627,0,6627,0,0.0,,,,0.0,0.0,0.0,0.0,53016.0,0.0,1325.4,24.2
8.0,100.0,0.8750000000000001,Checks,6627,5858,769,159,0.8839595593783008,0.02714236940935473,0.023280788856429507,0.03162373125206336,23.99275690357628,46864.0,2050.2999999999997,22781.34,30983.639999999992,22032.360000000008,178.20833333333334,2.811861827875861
8.0,100.0,0.8750000000000001,Checks + score,6627,5624,1003,123,0.8486494643126603,0.021870554765291608,0.018361698421676585,0.026032159429617605,18.560434585785423,44992.0,1968.3999999999999,17441.54,27433.94,25582.06,224.03333333333333,3.666219003068256
8.0,100.0,0.8800000000000001,Manual,6627,0,6627,0,0.0,,,,0.0,0.0,0.0,0.0,53016.0,0.0,1325.4,24.2
8.0,100.0,0.8800000000000001,Checks,6627,5858,769,159,0.8839595593783008,0.02714236940935473,0.023280788856429507,0.03162373125206336,23.99275690357628,46864.0,2050.2999999999997,22781.34,30983.639999999992,22032.360000000008,178.20833333333334,2.811861827875861
8.0,100.0,0.8800000000000001,Checks + score,6627,5605,1022,121,0.8457824053116041,0.021587867975022303,0.01809793664949092,0.025733146046800597,18.25863890146371,44840.0,1961.7499999999998,17159.32,27297.07,25718.93,227.75416666666666,3.735589884814647
8.0,100.0,0.8850000000000001,Manual,6627,0,6627,0,0.0,,,,0.0,0.0,0.0,0.0,53016.0,0.0,1325.4,24.2
8.0,100.0,0.8850000000000001,Checks,6627,5858,769,159,0.8839595593783008,0.02714236940935473,0.023280788856429507,0.03162373125206336,23.99275690357628,46864.0,2050.2999999999997,22781.34,30983.639999999992,22032.360000000008,178.20833333333334,2.811861827875861
8.0,100.0,0.8850000000000001,Checks + score,6627,5582,1045,116,0.8423117549419044,0.020781082049444642,0.017355186765568353,0.02486613222063419,17.504149690659425,44656.0,1953.6999999999998,16453.52,26767.219999999998,26248.780000000002,232.25833333333333,3.8195651627181735
8.0,100.0,0.8900000000000001,Manual,6627,0,6627,0,0.0,,,,0.0,0.0,0.0,0.0,53016.0,0.0,1325.4,24.2
8.0,100.0,0.8900000000000001,Checks,6627,5858,769,159,0.8839595593783008,0.02714236940935473,0.023280788856429507,0.03162373125206336,23.99275690357628,46864.0,2050.2999999999997,22781.34,30983.639999999992,22032.360000000008,178.20833333333334,2.811861827875861
8.0,100.0,0.8900000000000001,Checks + score,6627,5551,1076,112,0.8376339218349178,0.0201765447667087,0.016795939666459748,0.024220819479291594,16.900558322015996,44408.0,1942.85,15925.68,26476.53,26539.47,238.32916666666668,3.932749232935969
8.0,100.0,0.8950000000000001,Manual,6627,0,6627,0,0.0,,,,0.0,0.0,0.0,0.0,53016.0,0.0,1325.4,24.2
8.0,100.0,0.8950000000000001,Checks,6627,5858,769,159,0.8839595593783008,0.02714236940935473,0.023280788856429507,0.03162373125206336,23.99275690357628,46864.0,2050.2999999999997,22781.34,30983.639999999992,22032.360000000008,178.20833333333334,2.811861827875861
8.0,100.0,0.8950000000000001,Checks + score,6627,5534,1093,110,0.8350686585181832,0.019877123238164075,0.016518896466457718,0.023901472364604548,16.598762637694282,44272.0,1936.8999999999999,15570.039999999999,26250.94,26765.06,241.65833333333333,3.9948179166037927
8.0,100.0,0.9000000000000001,Manual,6627,0,6627,0,0.0,,,,0.0,0.0,0.0,0.0,53016.0,0.0,1325.4,24.2
8.0,100.0,0.9000000000000001,Checks,6627,5858,769,159,0.8839595593783008,0.02714236940935473,0.023280788856429507,0.03162373125206336,23.99275690357628,46864.0,2050.2999999999997,22781.34,30983.639999999992,22032.360000000008,178.20833333333334,2.811861827875861
8.0,100.0,0.9000000000000001,Checks + score,6627,5512,1115,107,0.8317489059906443,0.019412191582002903,0.016090468700030117,0.02340334127449852,16.14606911121171,44096.0,1929.1999999999998,15092.18,25941.379999999997,27074.620000000003,245.96666666666667,4.075142095468035
8.0,100.0,0.9050000000000001,Manual,6627,0,6627,0,0.0,,,,0.0,0.0,0.0,0.0,53016.0,0.0,1325.4,24.2
8.0,100.0,0.9050000000000001,Checks,6627,5858,769,159,0.8839595593783008,0.02714236940935473,0.023280788856429507,0.03162373125206336,23.99275690357628,46864.0,2050.2999999999997,22781.34,30983.639999999992,22032.360000000008,178.20833333333334,2.811861827875861
8.0,100.0,0.9050000000000001,Checks + score,6627,5488,1139,101,0.8281273577787838,0.018403790087463557,0.015169928434003768,0.022311414800659082,15.240682058246566,43904.0,1920.8,14176.69,25209.489999999998,27806.510000000002,250.66666666666666,4.1627684724108445
8.0,100.0,0.9100000000000001,Manual,6627,0,6627,0,0.0,,,,0.0,0.0,0.0,0.0,53016.0,0.0,1325.4,24.2
8.0,100.0,0.9100000000000001,Checks,6627,5858,769,159,0.8839595593783008,0.02714236940935473,0.023280788856429507,0.03162373125206336,23.99275690357628,46864.0,2050.2999999999997,22781.34,30983.639999999992,22032.360000000008,178.20833333333334,2.811861827875861
8.0,100.0,0.9100000000000001,Checks + score,6627,5452,1175,92,0.8226950354609929,0.016874541452677916,0.013780042630554207,0.020649402681787707,13.882601478798852,43616.0,1908.1999999999998,12777.92,24086.119999999995,28929.880000000005,257.71666666666664,4.294208037825059
8.0,100.0,0.9150000000000001,Manual,6627,0,6627,0,0.0,,,,0.0,0.0,0.0,0.0,53016.0,0.0,1325.4,24.2
8.0,100.0,0.9150000000000001,Checks,6627,5858,769,159,0.8839595593783008,0.02714236940935473,0.023280788856429507,0.03162373125206336,23.99275690357628,46864.0,2050.2999999999997,22781.34,30983.639999999992,22032.360000000008,178.20833333333334,2.811861827875861
8.0,100.0,0.9150000000000001,Checks + score,6627,5415,1212,85,0.8171118153010412,0.01569713758079409,0.012713100176170378,0.019367852328512538,12.826316583672854,43320.0,1895.2499999999998,11874.330000000002,23465.579999999998,29550.420000000002,264.9625,4.429298702278557
8.0,100.0,0.9200000000000002,Manual,6627,0,6627,0,0.0,,,,0.0,0.0,0.0,0.0,53016.0,0.0,1325.4,24.2
8.0,100.0,0.9200000000000002,Checks,6627,5858,769,159,0.8839595593783008,0.02714236940935473,0.023280788856429507,0.03162373125206336,23.99275690357628,46864.0,2050.2999999999997,22781.34,30983.639999999992,22032.360000000008,178.20833333333334,2.811861827875861
8.0,100.0,0.9200000000000002,Checks + score,6627,5386,1241,79,0.8127357778783764,0.014667656888228742,0.011785471008878267,0.01824168229373456,11.920929530707712,43088.0,1885.1,11114.64,22927.74,30088.26,270.64166666666665,4.535180574417786
8.0,100.0,0.9250000000000002,Manual,6627,0,6627,0,0.0,,,,0.0,0.0,0.0,0.0,53016.0,0.0,1325.4,24.2
8.0,100.0,0.9250000000000002,Checks,6627,5858,769,159,0.8839595593783008,0.02714236940935473,0.023280788856429507,0.03162373125206336,23.99275690357628,46864.0,2050.2999999999997,22781.34,30983.639999999992,22032.360000000008,178.20833333333334,2.811861827875861
8.0,100.0,0.9250000000000002,Checks + score,6627,5350,1277,77,0.8073034555605855,0.014392523364485982,0.011531605072402532,0.017950328050161272,11.619133846385997,42800.0,1872.4999999999998,10844.64,22933.14,30082.86,277.69166666666666,4.666620139832
8.0,100.0,0.9300000000000002,Manual,6627,0,6627,0,0.0,,,,0.0,0.0,0.0,0.0,53016.0,0.0,1325.4,24.2
8.0,100.0,0.9300000000000002,Checks,6627,5858,769,159,0.8839595593783008,0.02714236940935473,0.023280788856429507,0.03162373125206336,23.99275690357628,46864.0,2050.2999999999997,22781.34,30983.639999999992,22032.360000000008,178.20833333333334,2.811861827875861
8.0,100.0,0.9300000000000002,Checks + score,6627,5323,1304,74,0.8032292138222423,0.013901934999060681,0.01108875287653712,0.017416243404936693,11.166440319903426,42584.0,1863.05,10414.98,22710.03,30305.97,282.9791666666667,4.765199813892661
8.0,100.0,0.9350000000000002,Manual,6627,0,6627,0,0.0,,,,0.0,0.0,0.0,0.0,53016.0,0.0,1325.4,24.2
8.0,100.0,0.9350000000000002,Checks,6627,5858,769,159,0.8839595593783008,0.02714236940935473,0.023280788856429507,0.03162373125206336,23.99275690357628,46864.0,2050.2999999999997,22781.34,30983.639999999992,22032.360000000008,178.20833333333334,2.811861827875861
8.0,100.0,0.9350000000000002,Checks + score,6627,5283,1344,70,0.797193300135808,0.013250047321597578,0.010501243438891653,0.01670622954460004,10.562848951259998,42264.0,1849.05,9782.09,22383.14,30632.86,290.8125,4.911243775464011
8.0,100.0,0.9400000000000002,Manual,6627,0,6627,0,0.0,,,,0.0,0.0,0.0,0.0,53016.0,0.0,1325.4,24.2
8.0,100.0,0.9400000000000002,Checks,6627,5858,769,159,0.8839595593783008,0.02714236940935473,0.023280788856429507,0.03162373125206336,23.99275690357628,46864.0,2050.2999999999997,22781.34,30983.639999999992,22032.360000000008,178.20833333333334,2.811861827875861
8.0,100.0,0.9400000000000002,Checks + score,6627,5243,1384,66,0.7911573864493737,0.012588212855235552,0.009907305272388806,0.015982860727667303,9.95925758261657,41944.0,1835.05,9242.09,22149.14,30866.86,298.6458333333333,5.0572877370353595
8.0,100.0,0.9450000000000002,Manual,6627,0,6627,0,0.0,,,,0.0,0.0,0.0,0.0,53016.0,0.0,1325.4,24.2
8.0,100.0,0.9450000000000002,Checks,6627,5858,769,159,0.8839595593783008,0.02714236940935473,0.023280788856429507,0.03162373125206336,23.99275690357628,46864.0,2050.2999999999997,22781.34,30983.639999999992,22032.360000000008,178.20833333333334,2.811861827875861
8.0,100.0,0.9450000000000002,Checks + score,6627,5207,1420,64,0.7857250641315829,0.012291146533512579,0.009637508078914411,0.01566389428956288,9.657461898294855,41656.0,1822.4499999999998,8972.09,22154.54,30861.46,305.6958333333333,5.188727302449575
8.0,100.0,0.9500000000000002,Manual,6627,0,6627,0,0.0,,,,0.0,0.0,0.0,0.0,53016.0,0.0,1325.4,24.2
8.0,100.0,0.9500000000000002,Checks,6627,5858,769,159,0.8839595593783008,0.02714236940935473,0.023280788856429507,0.03162373125206336,23.99275690357628,46864.0,2050.2999999999997,22781.34,30983.639999999992,22032.360000000008,178.20833333333334,2.811861827875861
8.0,100.0,0.9500000000000002,Checks + score,6627,5170,1457,59,0.7801418439716312,0.011411992263056094,0.008857861063147038,0.0146916809251504,8.90297268749057,41360.0,1809.4999999999998,8377.150000000001,21842.65,31173.35,312.94166666666666,5.323817966903073
8.0,100.0,0.9550000000000002,Manual,6627,0,6627,0,0.0,,,,0.0,0.0,0.0,0.0,53016.0,0.0,1325.4,24.2
8.0,100.0,0.9550000000000002,Checks,6627,5858,769,159,0.8839595593783008,0.02714236940935473,0.023280788856429507,0.03162373125206336,23.99275690357628,46864.0,2050.2999999999997,22781.34,30983.639999999992,22032.360000000008,178.20833333333334,2.811861827875861
8.0,100.0,0.9550000000000002,Checks + score,6627,5123,1504,59,0.7730496453900709,0.011516689439781378,0.00893921830467818,0.014826212638224364,8.90297268749057,40984.0,1793.05,8377.150000000001,22202.199999999997,30813.800000000003,322.1458333333333,5.4954196217494085
8.0,100.0,0.9600000000000002,Manual,6627,0,6627,0,0.0,,,,0.0,0.0,0.0,0.0,53016.0,0.0,1325.4,24.2
8.0,100.0,0.9600000000000002,Checks,6627,5858,769,159,0.8839595593783008,0.02714236940935473,0.023280788856429507,0.03162373125206336,23.99275690357628,46864.0,2050.2999999999997,22781.34,30983.639999999992,22032.360000000008,178.20833333333334,2.811861827875861
8.0,100.0,0.9600000000000002,Checks + score,6627,5045,1582,54,0.7612796137015241,0.010703666997026759,0.008213149869281452,0.01393878296220211,8.148483476686284,40360.0,1765.75,7641.17,22062.920000000002,30953.079999999998,337.42083333333335,5.780205346813541
8.0,100.0,0.9650000000000002,Manual,6627,0,6627,0,0.0,,,,0.0,0.0,0.0,0.0,53016.0,0.0,1325.4,24.2
8.0,100.0,0.9650000000000002,Checks,6627,5858,769,159,0.8839595593783008,0.02714236940935473,0.023280788856429507,0.03162373125206336,23.99275690357628,46864.0,2050.2999999999997,22781.34,30983.639999999992,22032.360000000008,178.20833333333334,2.811861827875861
8.0,100.0,0.9650000000000002,Checks + score,6627,4938,1689,48,0.7451335445903123,0.009720534629404616,0.0073397435403957465,0.012863574995754827,7.24309642372114,39504.0,1728.3,6867.38,22107.68,30908.32,358.375,6.1708729440168995
8.0,100.0,0.9700000000000002,Manual,6627,0,6627,0,0.0,,,,0.0,0.0,0.0,0.0,53016.0,0.0,1325.4,24.2
8.0,100.0,0.9700000000000002,Checks,6627,5858,769,159,0.8839595593783008,0.02714236940935473,0.023280788856429507,0.03162373125206336,23.99275690357628,46864.0,2050.2999999999997,22781.34,30983.639999999992,22032.360000000008,178.20833333333334,2.811861827875861
8.0,100.0,0.9700000000000002,Checks + score,6627,4747,1880,45,0.7163120567375887,0.009479671371392459,0.007092420282645978,0.012660206283560734,6.790402897238569,37976.0,1661.4499999999998,6477.53,23178.980000000003,29837.019999999997,395.77916666666664,6.868232860520095
8.0,100.0,0.9750000000000002,Manual,6627,0,6627,0,0.0,,,,0.0,0.0,0.0,0.0,53016.0,0.0,1325.4,24.2
8.0,100.0,0.9750000000000002,Checks,6627,5858,769,159,0.8839595593783008,0.02714236940935473,0.023280788856429507,0.03162373125206336,23.99275690357628,46864.0,2050.2999999999997,22781.34,30983.639999999992,22032.360000000008,178.20833333333334,2.811861827875861
8.0,100.0,0.9750000000000002,Checks + score,6627,4406,2221,41,0.6648558925607364,0.009305492510213346,0.0068670017703016464,0.01259891283307096,6.1868115285951415,35248.0,1542.1,5846.09,25156.190000000002,27859.809999999998,462.55833333333334,8.113257632915849
8.0,100.0,0.9800000000000002,Manual,6627,0,6627,0,0.0,,,,0.0,0.0,0.0,0.0,53016.0,0.0,1325.4,24.2
8.0,100.0,0.9800000000000002,Checks,6627,5858,769,159,0.8839595593783008,0.02714236940935473,0.023280788856429507,0.03162373125206336,23.99275690357628,46864.0,2050.2999999999997,22781.34,30983.639999999992,22032.360000000008,178.20833333333334,2.811861827875861
8.0,100.0,0.9800000000000002,Checks + score,6627,3798,2829,36,0.5731100045269353,0.009478672985781991,0.006854599203619891,0.01309404884105404,5.432322317790856,30384.0,1329.3,5221.63,29182.93,23833.07,581.625,10.333125848800362
8.0,100.0,0.9850000000000002,Manual,6627,0,6627,0,0.0,,,,0.0,0.0,0.0,0.0,53016.0,0.0,1325.4,24.2
8.0,100.0,0.9850000000000002,Checks,6627,5858,769,159,0.8839595593783008,0.02714236940935473,0.023280788856429507,0.03162373125206336,23.99275690357628,46864.0,2050.2999999999997,22781.34,30983.639999999992,22032.360000000008,178.20833333333334,2.811861827875861
8.0,100.0,0.9850000000000002,Checks + score,6627,2521,4106,23,0.38041346008752075,0.009123363744545815,0.006087046570257206,0.01365343932794726,3.470650369699713,20168.0,882.3499999999999,3256.5299999999997,36986.880000000005,16029.119999999995,831.7041666666667,14.995579321965696
8.0,100.0,0.9900000000000002,Manual,6627,0,6627,0,0.0,,,,0.0,0.0,0.0,0.0,53016.0,0.0,1325.4,24.2
8.0,100.0,0.9900000000000002,Checks,6627,5858,769,159,0.8839595593783008,0.02714236940935473,0.023280788856429507,0.03162373125206336,23.99275690357628,46864.0,2050.2999999999997,22781.34,30983.639999999992,22032.360000000008,178.20833333333334,2.811861827875861
8.0,100.0,0.9900000000000002,Checks + score,6627,610,6017,5,0.09204768371812283,0.00819672131147541,0.003506033552696567,0.0190431061602196,0.7544892108042855,4880.0,213.5,699.7099999999999,49049.21,3966.790000000001,1205.9416666666666,21.972829586036916
8.0,100.0,0.9950000000000002,Manual,6627,0,6627,0,0.0,,,,0.0,0.0,0.0,0.0,53016.0,0.0,1325.4,24.2
8.0,100.0,0.9950000000000002,Checks,6627,5858,769,159,0.8839595593783008,0.02714236940935473,0.023280788856429507,0.03162373125206336,23.99275690357628,46864.0,2050.2999999999997,22781.34,30983.639999999992,22032.360000000008,178.20833333333334,2.811861827875861
8.0,100.0,0.9950000000000002,Checks + score,6627,1,6626,0,0.0001508978421608571,0.0,0.0,0.7934567085261071,0.0,8.0,0.35,0.0,53008.35,7.650000000001455,1325.2041666666667,24.196348900960714
8.0,100.0,1.0,Manual,6627,0,6627,0,0.0,,,,0.0,0.0,0.0,0.0,53016.0,0.0,1325.4,24.2
8.0,100.0,1.0,Checks,6627,5858,769,159,0.8839595593783008,0.02714236940935473,0.023280788856429507,0.03162373125206336,23.99275690357628,46864.0,2050.2999999999997,22781.34,30983.639999999992,22032.360000000008,178.20833333333334,2.811861827875861
8.0,100.0,1.0,Checks + score,6627,0,6627,0,0.0,,,,0.0,0.0,0.0,0.0,53016.0,0.0,1325.4,24.2
8.0,250.0,0.8,Manual,6627,0,6627,0,0.0,,,,0.0,0.0,0.0,0.0,53016.0,0.0,1325.4,24.2
8.0,250.0,0.8,Checks,6627,5858,769,159,0.8839595593783008,0.02714236940935473,0.023280788856429507,0.03162373125206336,23.99275690357628,46864.0,2050.2999999999997,46631.34,54833.64000000002,-1817.6400000000212,178.20833333333334,2.811861827875861
8.0,250.0,0.8,Checks + score,6627,5795,832,146,0.8744529953221669,0.025194132873166523,0.02146282204151792,0.029554539770882675,22.031084955485138,46360.0,2028.2499999999998,42598.45,51282.70000000002,1733.299999999981,190.54583333333332,3.041881067350736
8.0,250.0,0.805,Manual,6627,0,6627,0,0.0,,,,0.0,0.0,0.0,0.0,53016.0,0.0,1325.4,24.2
8.0,250.0,0.805,Checks,6627,5858,769,159,0.8839595593783008,0.02714236940935473,0.023280788856429507,0.03162373125206336,23.99275690357628,46864.0,2050.2999999999997,46631.34,54833.64000000002,-1817.6400000000212,178.20833333333334,2.811861827875861
8.0,250.0,0.805,Checks + score,6627,5792,835,146,0.8740003017956843,0.02520718232044199,0.021473958379143225,0.02956981065691877,22.031084955485138,46336.0,2027.1999999999998,42598.45,51305.65000000002,1710.3499999999767,191.13333333333333,3.0528343644685885
8.0,250.0,0.81,Manual,6627,0,6627,0,0.0,,,,0.0,0.0,0.0,0.0,53016.0,0.0,1325.4,24.2
8.0,250.0,0.81,Checks,6627,5858,769,159,0.8839595593783008,0.02714236940935473,0.023280788856429507,0.03162373125206336,23.99275690357628,46864.0,2050.2999999999997,46631.34,54833.64000000002,-1817.6400000000212,178.20833333333334,2.811861827875861
8.0,250.0,0.81,Checks + score,6627,5786,841,145,0.8730949147427192,0.02506049083995852,0.021337001341170954,0.02941423164592838,21.88018711332428,46288.0,2025.1,42338.44,51091.54000000002,1924.4599999999773,192.30833333333334,3.074740958704291
8.0,250.0,0.8150000000000001,Manual,6627,0,6627,0,0.0,,,,0.0,0.0,0.0,0.0,53016.0,0.0,1325.4,24.2
8.0,250.0,0.8150000000000001,Checks,6627,5858,769,159,0.8839595593783008,0.02714236940935473,0.023280788856429507,0.03162373125206336,23.99275690357628,46864.0,2050.2999999999997,46631.34,54833.64000000002,-1817.6400000000212,178.20833333333334,2.811861827875861
8.0,250.0,0.8150000000000001,Checks + score,6627,5777,850,145,0.8717368341632714,0.025099532629392417,0.02137030065288654,0.02945994524072175,21.88018711332428,46216.0,2021.9499999999998,42338.44,51160.39000000002,1855.6099999999788,194.07083333333333,3.1076008500578443
8.0,250.0,0.8200000000000001,Manual,6627,0,6627,0,0.0,,,,0.0,0.0,0.0,0.0,53016.0,0.0,1325.4,24.2
8.0,250.0,0.8200000000000001,Checks,6627,5858,769,159,0.8839595593783008,0.02714236940935473,0.023280788856429507,0.03162373125206336,23.99275690357628,46864.0,2050.2999999999997,46631.34,54833.64000000002,-1817.6400000000212,178.20833333333334,2.811861827875861
8.0,250.0,0.8200000000000001,Checks + score,6627,5773,854,144,0.871133242794628,0.02494370344708124,0.021225559684601276,0.02929367213923824,21.729289271163424,46184.0,2020.55,42052.5,50905.05000000002,2110.9499999999825,194.85416666666666,3.1222052462149787
8.0,250.0,0.8250000000000001,Manual,6627,0,6627,0,0.0,,,,0.0,0.0,0.0,0.0,53016.0,0.0,1325.4,24.2
8.0,250.0,0.8250000000000001,Checks,6627,5858,769,159,0.8839595593783008,0.02714236940935473,0.023280788856429507,0.03162373125206336,23.99275690357628,46864.0,2050.2999999999997,46631.34,54833.64000000002,-1817.6400000000212,178.20833333333334,2.811861827875861
8.0,250.0,0.8250000000000001,Checks + score,6627,5764,863,142,0.8697751622151804,0.024635669673837613,0.02093926415382383,0.02896529633202585,21.42749358684171,46112.0,2017.3999999999999,41444.67999999999,50366.080000000016,2649.9199999999837,196.61666666666667,3.1550651375685326
8.0,250.0,0.8300000000000001,Manual,6627,0,6627,0,0.0,,,,0.0,0.0,0.0,0.0,53016.0,0.0,1325.4,24.2
8.0,250.0,0.8300000000000001,Checks,6627,5858,769,159,0.8839595593783008,0.02714236940935473,0.023280788856429507,0.03162373125206336,23.99275690357628,46864.0,2050.2999999999997,46631.34,54833.64000000002,-1817.6400000000212,178.20833333333334,2.811861827875861
8.0,250.0,0.8300000000000001,Checks + score,6627,5753,874,141,0.8681152859514109,0.024508951851208067,0.02081939397173556,0.028833109929014465,21.27659574468085,46024.0,2013.55,41110.92,50116.470000000016,2899.5299999999843,198.77083333333334,3.195227227000654
8.0,250.0,0.8350000000000001,Manual,6627,0,6627,0,0.0,,,,0.0,0.0,0.0,0.0,53016.0,0.0,1325.4,24.2
8.0,250.0,0.8350000000000001,Checks,6627,5858,769,159,0.8839595593783008,0.02714236940935473,0.023280788856429507,0.03162373125206336,23.99275690357628,46864.0,2050.2999999999997,46631.34,54833.64000000002,-1817.6400000000212,178.20833333333334,2.811861827875861
8.0,250.0,0.8350000000000001,Checks + score,6627,5746,881,140,0.8670590010562849,0.024364775495997214,0.020684681172439507,0.02868043525094161,21.125697902519995,45968.0,2011.1,40777.16,49836.260000000024,3179.739999999976,200.14166666666668,3.2207849202756402
8.0,250.0,0.8400000000000001,Manual,6627,0,6627,0,0.0,,,,0.0,0.0,0.0,0.0,53016.0,0.0,1325.4,24.2
8.0,250.0,0.8400000000000001,Checks,6627,5858,769,159,0.8839595593783008,0.02714236940935473,0.023280788856429507,0.03162373125206336,23.99275690357628,46864.0,2050.2999999999997,46631.34,54833.64000000002,-1817.6400000000212,178.20833333333334,2.811861827875861
8.0,250.0,0.8400000000000001,Checks + score,6627,5737,890,138,0.8657009204768372,0.024054383824298413,0.020396602765711022,0.02834914210904741,20.82390221819828,45896.0,2007.9499999999998,40256.81,49384.76000000002,3631.2399999999834,201.90416666666667,3.2536448116291936
8.0,250.0,0.8450000000000001,Manual,6627,0,6627,0,0.0,,,,0.0,0.0,0.0,0.0,53016.0,0.0,1325.4,24.2
8.0,250.0,0.8450000000000001,Checks,6627,5858,769,159,0.8839595593783008,0.02714236940935473,0.023280788856429507,0.03162373125206336,23.99275690357628,46864.0,2050.2999999999997,46631.34,54833.64000000002,-1817.6400000000212,178.20833333333334,2.811861827875861
8.0,250.0,0.8450000000000001,Checks + score,6627,5726,901,137,0.8640410442130677,0.023925951798812434,0.020275333518797057,0.028214942372948363,20.673004376037422,45808.0,2004.1,39996.47,49208.570000000014,3807.4299999999857,204.05833333333334,3.293806901061315
8.0,250.0,0.8500000000000001,Manual,6627,0,6627,0,0.0,,,,0.0,0.0,0.0,0.0,53016.0,0.0,1325.4,24.2
8.0,250.0,0.8500000000000001,Checks,6627,5858,769,159,0.8839595593783008,0.02714236940935473,0.023280788856429507,0.03162373125206336,23.99275690357628,46864.0,2050.2999999999997,46631.34,54833.64000000002,-1817.6400000000212,178.20833333333334,2.811861827875861
8.0,250.0,0.8500000000000001,Checks + score,6627,5716,911,136,0.8625320657914591,0.023792862141357594,0.020150119062553574,0.028075272353880056,20.522106533876567,45728.0,2000.6,39662.71,48951.31000000001,4064.689999999988,206.01666666666668,3.3303178914541522
8.0,250.0,0.8550000000000001,Manual,6627,0,6627,0,0.0,,,,0.0,0.0,0.0,0.0,53016.0,0.0,1325.4,24.2
8.0,250.0,0.8550000000000001,Checks,6627,5858,769,159,0.8839595593783008,0.02714236940935473,0.023280788856429507,0.03162373125206336,23.99275690357628,46864.0,2050.2999999999997,46631.34,54833.64000000002,-1817.6400000000212,178.20833333333334,2.811861827875861
8.0,250.0,0.8550000000000001,Checks + score,6627,5703,924,135,0.8605703938433681,0.02367175170962651,0.020035071597526283,0.02794971914907513,20.371208691715708,45624.0,1996.05,39328.95,48717.000000000015,4298.999999999985,208.5625,3.377782178964841
8.0,250.0,0.8600000000000001,Manual,6627,0,6627,0,0.0,,,,0.0,0.0,0.0,0.0,53016.0,0.0,1325.4,24.2
8.0,250.0,0.8600000000000001,Checks,6627,5858,769,159,0.8839595593783008,0.02714236940935473,0.023280788856429507,0.03162373125206336,23.99275690357628,46864.0,2050.2999999999997,46631.34,54833.64000000002,-1817.6400000000212,178.20833333333334,2.811861827875861
8.0,250.0,0.8600000000000001,Checks + score,6627,5687,940,131,0.8581560283687943,0.023034992087216457,0.01944605414835017,0.02726788004373839,19.76761732307228,45496.0,1990.4499999999998,38103.64,47614.09000000002,5401.909999999982,211.69583333333333,3.4361997635933808
8.0,250.0,0.8650000000000001,Manual,6627,0,6627,0,0.0,,,,0.0,0.0,0.0,0.0,53016.0,0.0,1325.4,24.2
8.0,250.0,0.8650000000000001,Checks,6627,5858,769,159,0.8839595593783008,0.02714236940935473,0.023280788856429507,0.03162373125206336,23.99275690357628,46864.0,2050.2999999999997,46631.34,54833.64000000002,-1817.6400000000212,178.20833333333334,2.811861827875861
8.0,250.0,0.8650000000000001,Checks + score,6627,5662,965,127,0.8543835823147728,0.022430236665489225,0.018884668399166034,0.026623416401510364,19.16402595442885,45296.0,1981.6999999999998,37013.619999999995,46715.32000000002,6300.6799999999785,216.59166666666667,3.5274772395754743
8.0,250.0,0.8700000000000001,Manual,6627,0,6627,0,0.0,,,,0.0,0.0,0.0,0.0,53016.0,0.0,1325.4,24.2
8.0,250.0,0.8700000000000001,Checks,6627,5858,769,159,0.8839595593783008,0.02714236940935473,0.023280788856429507,0.03162373125206336,23.99275690357628,46864.0,2050.2999999999997,46631.34,54833.64000000002,-1817.6400000000212,178.20833333333334,2.811861827875861
8.0,250.0,0.8700000000000001,Checks + score,6627,5641,986,124,0.8512147276293949,0.021981918099627726,0.018468380720237786,0.026146086406705155,18.71133242794628,45128.0,1974.35,36225.3,46087.650000000016,6928.349999999984,220.70416666666668,3.6041503194004325
8.0,250.0,0.8750000000000001,Manual,6627,0,6627,0,0.0,,,,0.0,0.0,0.0,0.0,53016.0,0.0,1325.4,24.2
8.0,250.0,0.8750000000000001,Checks,6627,5858,769,159,0.8839595593783008,0.02714236940935473,0.023280788856429507,0.03162373125206336,23.99275690357628,46864.0,2050.2999999999997,46631.34,54833.64000000002,-1817.6400000000212,178.20833333333334,2.811861827875861
8.0,250.0,0.8750000000000001,Checks + score,6627,5624,1003,123,0.8486494643126603,0.021870554765291608,0.018361698421676585,0.026032159429617605,18.560434585785423,44992.0,1968.3999999999999,35891.53999999999,45883.94000000002,7132.059999999983,224.03333333333333,3.666219003068256
8.0,250.0,0.8800000000000001,Manual,6627,0,6627,0,0.0,,,,0.0,0.0,0.0,0.0,53016.0,0.0,1325.4,24.2
8.0,250.0,0.8800000000000001,Checks,6627,5858,769,159,0.8839595593783008,0.02714236940935473,0.023280788856429507,0.03162373125206336,23.99275690357628,46864.0,2050.2999999999997,46631.34,54833.64000000002,-1817.6400000000212,178.20833333333334,2.811861827875861
8.0,250.0,0.8800000000000001,Checks + score,6627,5605,1022,121,0.8457824053116041,0.021587867975022303,0.01809793664949092,0.025733146046800597,18.25863890146371,44840.0,1961.7499999999998,35309.32,45447.070000000014,7568.929999999986,227.75416666666666,3.735589884814647
8.0,250.0,0.8850000000000001,Manual,6627,0,6627,0,0.0,,,,0.0,0.0,0.0,0.0,53016.0,0.0,1325.4,24.2
8.0,250.0,0.8850000000000001,Checks,6627,5858,769,159,0.8839595593783008,0.02714236940935473,0.023280788856429507,0.03162373125206336,23.99275690357628,46864.0,2050.2999999999997,46631.34,54833.64000000002,-1817.6400000000212,178.20833333333334,2.811861827875861
8.0,250.0,0.8850000000000001,Checks + score,6627,5582,1045,116,0.8423117549419044,0.020781082049444642,0.017355186765568353,0.02486613222063419,17.504149690659425,44656.0,1953.6999999999998,33853.52,44167.220000000016,8848.779999999984,232.25833333333333,3.8195651627181735
8.0,250.0,0.8900000000000001,Manual,6627,0,6627,0,0.0,,,,0.0,0.0,0.0,0.0,53016.0,0.0,1325.4,24.2
8.0,250.0,0.8900000000000001,Checks,6627,5858,769,159,0.8839595593783008,0.02714236940935473,0.023280788856429507,0.03162373125206336,23.99275690357628,46864.0,2050.2999999999997,46631.34,54833.64000000002,-1817.6400000000212,178.20833333333334,2.811861827875861
8.0,250.0,0.8900000000000001,Checks + score,6627,5551,1076,112,0.8376339218349178,0.0201765447667087,0.016795939666459748,0.024220819479291594,16.900558322015996,44408.0,1942.85,32725.679999999997,43276.53000000001,9739.469999999987,238.32916666666668,3.932749232935969
8.0,250.0,0.8950000000000001,Manual,6627,0,6627,0,0.0,,,,0.0,0.0,0.0,0.0,53016.0,0.0,1325.4,24.2
8.0,250.0,0.8950000000000001,Checks,6627,5858,769,159,0.8839595593783008,0.02714236940935473,0.023280788856429507,0.03162373125206336,23.99275690357628,46864.0,2050.2999999999997,46631.34,54833.64000000002,-1817.6400000000212,178.20833333333334,2.811861827875861
8.0,250.0,0.8950000000000001,Checks + score,6627,5534,1093,110,0.8350686585181832,0.019877123238164075,0.016518896466457718,0.023901472364604548,16.598762637694282,44272.0,1936.8999999999999,32070.04,42750.94000000002,10265.059999999983,241.65833333333333,3.9948179166037927
8.0,250.0,0.9000000000000001,Manual,6627,0,6627,0,0.0,,,,0.0,0.0,0.0,0.0,53016.0,0.0,1325.4,24.2
8.0,250.0,0.9000000000000001,Checks,6627,5858,769,159,0.8839595593783008,0.02714236940935473,0.023280788856429507,0.03162373125206336,23.99275690357628,46864.0,2050.2999999999997,46631.34,54833.64000000002,-1817.6400000000212,178.20833333333334,2.811861827875861
8.0,250.0,0.9000000000000001,Checks + score,6627,5512,1115,107,0.8317489059906443,0.019412191582002903,0.016090468700030117,0.02340334127449852,16.14606911121171,44096.0,1929.1999999999998,31142.179999999997,41991.38000000001,11024.619999999988,245.96666666666667,4.075142095468035
8.0,250.0,0.9050000000000001,Manual,6627,0,6627,0,0.0,,,,0.0,0.0,0.0,0.0,53016.0,0.0,1325.4,24.2
8.0,250.0,0.9050000000000001,Checks,6627,5858,769,159,0.8839595593783008,0.02714236940935473,0.023280788856429507,0.03162373125206336,23.99275690357628,46864.0,2050.2999999999997,46631.34,54833.64000000002,-1817.6400000000212,178.20833333333334,2.811861827875861
8.0,250.0,0.9050000000000001,Checks + score,6627,5488,1139,101,0.8281273577787838,0.018403790087463557,0.015169928434003768,0.022311414800659082,15.240682058246566,43904.0,1920.8,29326.689999999995,40359.490000000005,12656.509999999995,250.66666666666666,4.1627684724108445
8.0,250.0,0.9100000000000001,Manual,6627,0,6627,0,0.0,,,,0.0,0.0,0.0,0.0,53016.0,0.0,1325.4,24.2
8.0,250.0,0.9100000000000001,Checks,6627,5858,769,159,0.8839595593783008,0.02714236940935473,0.023280788856429507,0.03162373125206336,23.99275690357628,46864.0,2050.2999999999997,46631.34,54833.64000000002,-1817.6400000000212,178.20833333333334,2.811861827875861
8.0,250.0,0.9100000000000001,Checks + score,6627,5452,1175,92,0.8226950354609929,0.016874541452677916,0.013780042630554207,0.020649402681787707,13.882601478798852,43616.0,1908.1999999999998,26577.92,37886.12000000001,15129.87999999999,257.71666666666664,4.294208037825059
8.0,250.0,0.9150000000000001,Manual,6627,0,6627,0,0.0,,,,0.0,0.0,0.0,0.0,53016.0,0.0,1325.4,24.2
8.0,250.0,0.9150000000000001,Checks,6627,5858,769,159,0.8839595593783008,0.02714236940935473,0.023280788856429507,0.03162373125206336,23.99275690357628,46864.0,2050.2999999999997,46631.34,54833.64000000002,-1817.6400000000212,178.20833333333334,2.811861827875861
8.0,250.0,0.9150000000000001,Checks + score,6627,5415,1212,85,0.8171118153010412,0.01569713758079409,0.012713100176170378,0.019367852328512538,12.826316583672854,43320.0,1895.2499999999998,24624.329999999994,36215.580000000016,16800.419999999984,264.9625,4.429298702278557
8.0,250.0,0.9200000000000002,Manual,6627,0,6627,0,0.0,,,,0.0,0.0,0.0,0.0,53016.0,0.0,1325.4,24.2
8.0,250.0,0.9200000000000002,Checks,6627,5858,769,159,0.8839595593783008,0.02714236940935473,0.023280788856429507,0.03162373125206336,23.99275690357628,46864.0,2050.2999999999997,46631.34,54833.64000000002,-1817.6400000000212,178.20833333333334,2.811861827875861
8.0,250.0,0.9200000000000002,Checks + score,6627,5386,1241,79,0.8127357778783764,0.014667656888228742,0.011785471008878267,0.01824168229373456,11.920929530707712,43088.0,1885.1,22964.64,34777.740000000005,18238.259999999995,270.64166666666665,4.535180574417786
8.0,250.0,0.9250000000000002,Manual,6627,0,6627,0,0.0,,,,0.0,0.0,0.0,0.0,53016.0,0.0,1325.4,24.2
8.0,250.0,0.9250000000000002,Checks,6627,5858,769,159,0.8839595593783008,0.02714236940935473,0.023280788856429507,0.03162373125206336,23.99275690357628,46864.0,2050.2999999999997,46631.34,54833.64000000002,-1817.6400000000212,178.20833333333334,2.811861827875861
8.0,250.0,0.9250000000000002,Checks + score,6627,5350,1277,77,0.8073034555605855,0.014392523364485982,0.011531605072402532,0.017950328050161272,11.619133846385997,42800.0,1872.4999999999998,22394.64,34483.140000000014,18532.859999999986,277.69166666666666,4.666620139832
8.0,250.0,0.9300000000000002,Manual,6627,0,6627,0,0.0,,,,0.0,0.0,0.0,0.0,53016.0,0.0,1325.4,24.2
8.0,250.0,0.9300000000000002,Checks,6627,5858,769,159,0.8839595593783008,0.02714236940935473,0.023280788856429507,0.03162373125206336,23.99275690357628,46864.0,2050.2999999999997,46631.34,54833.64000000002,-1817.6400000000212,178.20833333333334,2.811861827875861
8.0,250.0,0.9300000000000002,Checks + score,6627,5323,1304,74,0.8032292138222423,0.013901934999060681,0.01108875287653712,0.017416243404936693,11.166440319903426,42584.0,1863.05,21514.979999999996,33810.030000000006,19205.969999999994,282.9791666666667,4.765199813892661
8.0,250.0,0.9350000000000002,Manual,6627,0,6627,0,0.0,,,,0.0,0.0,0.0,0.0,53016.0,0.0,1325.4,24.2
8.0,250.0,0.9350000000000002,Checks,6627,5858,769,159,0.8839595593783008,0.02714236940935473,0.023280788856429507,0.03162373125206336,23.99275690357628,46864.0,2050.2999999999997,46631.34,54833.64000000002,-1817.6400000000212,178.20833333333334,2.811861827875861
8.0,250.0,0.9350000000000002,Checks + score,6627,5283,1344,70,0.797193300135808,0.013250047321597578,0.010501243438891653,0.01670622954460004,10.562848951259998,42264.0,1849.05,20282.089999999997,32883.14000000001,20132.859999999993,290.8125,4.911243775464011
8.0,250.0,0.9400000000000002,Manual,6627,0,6627,0,0.0,,,,0.0,0.0,0.0,0.0,53016.0,0.0,1325.4,24.2
8.0,250.0,0.9400000000000002,Checks,6627,5858,769,159,0.8839595593783008,0.02714236940935473,0.023280788856429507,0.03162373125206336,23.99275690357628,46864.0,2050.2999999999997,46631.34,54833.64000000002,-1817.6400000000212,178.20833333333334,2.811861827875861
8.0,250.0,0.9400000000000002,Checks + score,6627,5243,1384,66,0.7911573864493737,0.012588212855235552,0.009907305272388806,0.015982860727667303,9.95925758261657,41944.0,1835.05,19142.089999999997,32049.140000000007,20966.859999999993,298.6458333333333,5.0572877370353595
8.0,250.0,0.9450000000000002,Manual,6627,0,6627,0,0.0,,,,0.0,0.0,0.0,0.0,53016.0,0.0,1325.4,24.2
8.0,250.0,0.9450000000000002,Checks,6627,5858,769,159,0.8839595593783008,0.02714236940935473,0.023280788856429507,0.03162373125206336,23.99275690357628,46864.0,2050.2999999999997,46631.34,54833.64000000002,-1817.6400000000212,178.20833333333334,2.811861827875861
8.0,250.0,0.9450000000000002,Checks + score,6627,5207,1420,64,0.7857250641315829,0.012291146533512579,0.009637508078914411,0.01566389428956288,9.657461898294855,41656.0,1822.4499999999998,18572.089999999997,31754.540000000008,21261.459999999992,305.6958333333333,5.188727302449575
8.0,250.0,0.9500000000000002,Manual,6627,0,6627,0,0.0,,,,0.0,0.0,0.0,0.0,53016.0,0.0,1325.4,24.2
8.0,250.0,0.9500000000000002,Checks,6627,5858,769,159,0.8839595593783008,0.02714236940935473,0.023280788856429507,0.03162373125206336,23.99275690357628,46864.0,2050.2999999999997,46631.34,54833.64000000002,-1817.6400000000212,178.20833333333334,2.811861827875861
8.0,250.0,0.9500000000000002,Checks + score,6627,5170,1457,59,0.7801418439716312,0.011411992263056094,0.008857861063147038,0.0146916809251504,8.90297268749057,41360.0,1809.4999999999998,17227.149999999998,30692.650000000012,22323.349999999988,312.94166666666666,5.323817966903073
8.0,250.0,0.9550000000000002,Manual,6627,0,6627,0,0.0,,,,0.0,0.0,0.0,0.0,53016.0,0.0,1325.4,24.2
8.0,250.0,0.9550000000000002,Checks,6627,5858,769,159,0.8839595593783008,0.02714236940935473,0.023280788856429507,0.03162373125206336,23.99275690357628,46864.0,2050.2999999999997,46631.34,54833.64000000002,-1817.6400000000212,178.20833333333334,2.811861827875861
8.0,250.0,0.9550000000000002,Checks + score,6627,5123,1504,59,0.7730496453900709,0.011516689439781378,0.00893921830467818,0.014826212638224364,8.90297268749057,40984.0,1793.05,17227.149999999998,31052.200000000008,21963.799999999992,322.1458333333333,5.4954196217494085
8.0,250.0,0.9600000000000002,Manual,6627,0,6627,0,0.0,,,,0.0,0.0,0.0,0.0,53016.0,0.0,1325.4,24.2
8.0,250.0,0.9600000000000002,Checks,6627,5858,769,159,0.8839595593783008,0.02714236940935473,0.023280788856429507,0.03162373125206336,23.99275690357628,46864.0,2050.2999999999997,46631.34,54833.64000000002,-1817.6400000000212,178.20833333333334,2.811861827875861
8.0,250.0,0.9600000000000002,Checks + score,6627,5045,1582,54,0.7612796137015241,0.010703666997026759,0.008213149869281452,0.01393878296220211,8.148483476686284,40360.0,1765.75,15741.169999999998,30162.92000000001,22853.07999999999,337.42083333333335,5.780205346813541
8.0,250.0,0.9650000000000002,Manual,6627,0,6627,0,0.0,,,,0.0,0.0,0.0,0.0,53016.0,0.0,1325.4,24.2
8.0,250.0,0.9650000000000002,Checks,6627,5858,769,159,0.8839595593783008,0.02714236940935473,0.023280788856429507,0.03162373125206336,23.99275690357628,46864.0,2050.2999999999997,46631.34,54833.64000000002,-1817.6400000000212,178.20833333333334,2.811861827875861
8.0,250.0,0.9650000000000002,Checks + score,6627,4938,1689,48,0.7451335445903123,0.009720534629404616,0.0073397435403957465,0.012863574995754827,7.24309642372114,39504.0,1728.3,14067.38,29307.68000000001,23708.31999999999,358.375,6.1708729440168995
8.0,250.0,0.9700000000000002,Manual,6627,0,6627,0,0.0,,,,0.0,0.0,0.0,0.0,53016.0,0.0,1325.4,24.2
8.0,250.0,0.9700000000000002,Checks,6627,5858,769,159,0.8839595593783008,0.02714236940935473,0.023280788856429507,0.03162373125206336,23.99275690357628,46864.0,2050.2999999999997,46631.34,54833.64000000002,-1817.6400000000212,178.20833333333334,2.811861827875861
8.0,250.0,0.9700000000000002,Checks + score,6627,4747,1880,45,0.7163120567375887,0.009479671371392459,0.007092420282645978,0.012660206283560734,6.790402897238569,37976.0,1661.4499999999998,13227.529999999999,29928.980000000003,23087.019999999997,395.77916666666664,6.868232860520095
8.0,250.0,0.9750000000000002,Manual,6627,0,6627,0,0.0,,,,0.0,0.0,0.0,0.0,53016.0,0.0,1325.4,24.2
8.0,250.0,0.9750000000000002,Checks,6627,5858,769,159,0.8839595593783008,0.02714236940935473,0.023280788856429507,0.03162373125206336,23.99275690357628,46864.0,2050.2999999999997,46631.34,54833.64000000002,-1817.6400000000212,178.20833333333334,2.811861827875861
8.0,250.0,0.9750000000000002,Checks + score,6627,4406,2221,41,0.6648558925607364,0.009305492510213346,0.0068670017703016464,0.01259891283307096,6.1868115285951415,35248.0,1542.1,11996.089999999998,31306.19000000001,21709.80999999999,462.55833333333334,8.113257632915849
8.0,250.0,0.9800000000000002,Manual,6627,0,6627,0,0.0,,,,0.0,0.0,0.0,0.0,53016.0,0.0,1325.4,24.2
8.0,250.0,0.9800000000000002,Checks,6627,5858,769,159,0.8839595593783008,0.02714236940935473,0.023280788856429507,0.03162373125206336,23.99275690357628,46864.0,2050.2999999999997,46631.34,54833.64000000002,-1817.6400000000212,178.20833333333334,2.811861827875861
8.0,250.0,0.9800000000000002,Checks + score,6627,3798,2829,36,0.5731100045269353,0.009478672985781991,0.006854599203619891,0.01309404884105404,5.432322317790856,30384.0,1329.3,10621.63,34582.93000000001,18433.069999999992,581.625,10.333125848800362
8.0,250.0,0.9850000000000002,Manual,6627,0,6627,0,0.0,,,,0.0,0.0,0.0,0.0,53016.0,0.0,1325.4,24.2
8.0,250.0,0.9850000000000002,Checks,6627,5858,769,159,0.8839595593783008,0.02714236940935473,0.023280788856429507,0.03162373125206336,23.99275690357628,46864.0,2050.2999999999997,46631.34,54833.64000000002,-1817.6400000000212,178.20833333333334,2.811861827875861
8.0,250.0,0.9850000000000002,Checks + score,6627,2521,4106,23,0.38041346008752075,0.009123363744545815,0.006087046570257206,0.01365343932794726,3.470650369699713,20168.0,882.3499999999999,6706.529999999999,40436.880000000005,12579.119999999995,831.7041666666667,14.995579321965696
8.0,250.0,0.9900000000000002,Manual,6627,0,6627,0,0.0,,,,0.0,0.0,0.0,0.0,53016.0,0.0,1325.4,24.2
8.0,250.0,0.9900000000000002,Checks,6627,5858,769,159,0.8839595593783008,0.02714236940935473,0.023280788856429507,0.03162373125206336,23.99275690357628,46864.0,2050.2999999999997,46631.34,54833.64000000002,-1817.6400000000212,178.20833333333334,2.811861827875861
8.0,250.0,0.9900000000000002,Checks + score,6627,610,6017,5,0.09204768371812283,0.00819672131147541,0.003506033552696567,0.0190431061602196,0.7544892108042855,4880.0,213.5,1449.71,49799.21,3216.790000000001,1205.9416666666666,21.972829586036916
8.0,250.0,0.9950000000000002,Manual,6627,0,6627,0,0.0,,,,0.0,0.0,0.0,0.0,53016.0,0.0,1325.4,24.2
8.0,250.0,0.9950000000000002,Checks,6627,5858,769,159,0.8839595593783008,0.02714236940935473,0.023280788856429507,0.03162373125206336,23.99275690357628,46864.0,2050.2999999999997,46631.34,54833.64000000002,-1817.6400000000212,178.20833333333334,2.811861827875861
8.0,250.0,0.9950000000000002,Checks + score,6627,1,6626,0,0.0001508978421608571,0.0,0.0,0.7934567085261071,0.0,8.0,0.35,0.0,53008.35,7.650000000001455,1325.2041666666667,24.196348900960714
8.0,250.0,1.0,Manual,6627,0,6627,0,0.0,,,,0.0,0.0,0.0,0.0,53016.0,0.0,1325.4,24.2
8.0,250.0,1.0,Checks,6627,5858,769,159,0.8839595593783008,0.02714236940935473,0.023280788856429507,0.03162373125206336,23.99275690357628,46864.0,2050.2999999999997,46631.34,54833.64000000002,-1817.6400000000212,178.20833333333334,2.811861827875861
8.0,250.0,1.0,Checks + score,6627,0,6627,0,0.0,,,,0.0,0.0,0.0,0.0,53016.0,0.0,1325.4,24.2
8.0,750.0,0.8,Manual,6627,0,6627,0,0.0,,,,0.0,0.0,0.0,0.0,53016.0,0.0,1325.4,24.2
8.0,750.0,0.8,Checks,6627,5858,769,159,0.8839595593783008,0.02714236940935473,0.023280788856429507,0.03162373125206336,23.99275690357628,46864.0,2050.2999999999997,126131.34,134333.64,-81317.64000000001,178.20833333333334,2.811861827875861
8.0,750.0,0.8,Checks + score,6627,5795,832,146,0.8744529953221669,0.025194132873166523,0.02146282204151792,0.029554539770882675,22.031084955485138,46360.0,2028.2499999999998,115598.45000000001,124282.70000000001,-71266.70000000001,190.54583333333332,3.041881067350736
8.0,750.0,0.805,Manual,6627,0,6627,0,0.0,,,,0.0,0.0,0.0,0.0,53016.0,0.0,1325.4,24.2
8.0,750.0,0.805,Checks,6627,5858,769,159,0.8839595593783008,0.02714236940935473,0.023280788856429507,0.03162373125206336,23.99275690357628,46864.0,2050.2999999999997,126131.34,134333.64,-81317.64000000001,178.20833333333334,2.811861827875861
8.0,750.0,0.805,Checks + score,6627,5792,835,146,0.8740003017956843,0.02520718232044199,0.021473958379143225,0.02956981065691877,22.031084955485138,46336.0,2027.1999999999998,115598.45000000001,124305.65000000002,-71289.65000000002,191.13333333333333,3.0528343644685885
8.0,750.0,0.81,Manual,6627,0,6627,0,0.0,,,,0.0,0.0,0.0,0.0,53016.0,0.0,1325.4,24.2
8.0,750.0,0.81,Checks,6627,5858,769,159,0.8839595593783008,0.02714236940935473,0.023280788856429507,0.03162373125206336,23.99275690357628,46864.0,2050.2999999999997,126131.34,134333.64,-81317.64000000001,178.20833333333334,2.811861827875861
8.0,750.0,0.81,Checks + score,6627,5786,841,145,0.8730949147427192,0.02506049083995852,0.021337001341170954,0.02941423164592838,21.88018711332428,46288.0,2025.1,114838.44,123591.54000000001,-70575.54000000001,192.30833333333334,3.074740958704291
8.0,750.0,0.8150000000000001,Manual,6627,0,6627,0,0.0,,,,0.0,0.0,0.0,0.0,53016.0,0.0,1325.4,24.2
8.0,750.0,0.8150000000000001,Checks,6627,5858,769,159,0.8839595593783008,0.02714236940935473,0.023280788856429507,0.03162373125206336,23.99275690357628,46864.0,2050.2999999999997,126131.34,134333.64,-81317.64000000001,178.20833333333334,2.811861827875861
8.0,750.0,0.8150000000000001,Checks + score,6627,5777,850,145,0.8717368341632714,0.025099532629392417,0.02137030065288654,0.02945994524072175,21.88018711332428,46216.0,2021.9499999999998,114838.44,123660.39000000001,-70644.39000000001,194.07083333333333,3.1076008500578443
8.0,750.0,0.8200000000000001,Manual,6627,0,6627,0,0.0,,,,0.0,0.0,0.0,0.0,53016.0,0.0,1325.4,24.2
8.0,750.0,0.8200000000000001,Checks,6627,5858,769,159,0.8839595593783008,0.02714236940935473,0.023280788856429507,0.03162373125206336,23.99275690357628,46864.0,2050.2999999999997,126131.34,134333.64,-81317.64000000001,178.20833333333334,2.811861827875861
8.0,750.0,0.8200000000000001,Checks + score,6627,5773,854,144,0.871133242794628,0.02494370344708124,0.021225559684601276,0.02929367213923824,21.729289271163424,46184.0,2020.55,114052.5,122905.05000000002,-69889.05000000002,194.85416666666666,3.1222052462149787
8.0,750.0,0.8250000000000001,Manual,6627,0,6627,0,0.0,,,,0.0,0.0,0.0,0.0,53016.0,0.0,1325.4,24.2
8.0,750.0,0.8250000000000001,Checks,6627,5858,769,159,0.8839595593783008,0.02714236940935473,0.023280788856429507,0.03162373125206336,23.99275690357628,46864.0,2050.2999999999997,126131.34,134333.64,-81317.64000000001,178.20833333333334,2.811861827875861
8.0,750.0,0.8250000000000001,Checks + score,6627,5764,863,142,0.8697751622151804,0.024635669673837613,0.02093926415382383,0.02896529633202585,21.42749358684171,46112.0,2017.3999999999999,112444.68000000001,121366.08000000002,-68350.08000000002,196.61666666666667,3.1550651375685326
8.0,750.0,0.8300000000000001,Manual,6627,0,6627,0,0.0,,,,0.0,0.0,0.0,0.0,53016.0,0.0,1325.4,24.2
8.0,750.0,0.8300000000000001,Checks,6627,5858,769,159,0.8839595593783008,0.02714236940935473,0.023280788856429507,0.03162373125206336,23.99275690357628,46864.0,2050.2999999999997,126131.34,134333.64,-81317.64000000001,178.20833333333334,2.811861827875861
8.0,750.0,0.8300000000000001,Checks + score,6627,5753,874,141,0.8681152859514109,0.024508951851208067,0.02081939397173556,0.028833109929014465,21.27659574468085,46024.0,2013.55,111610.92,120616.47,-67600.47,198.77083333333334,3.195227227000654
8.0,750.0,0.8350000000000001,Manual,6627,0,6627,0,0.0,,,,0.0,0.0,0.0,0.0,53016.0,0.0,1325.4,24.2
8.0,750.0,0.8350000000000001,Checks,6627,5858,769,159,0.8839595593783008,0.02714236940935473,0.023280788856429507,0.03162373125206336,23.99275690357628,46864.0,2050.2999999999997,126131.34,134333.64,-81317.64000000001,178.20833333333334,2.811861827875861
8.0,750.0,0.8350000000000001,Checks + score,6627,5746,881,140,0.8670590010562849,0.024364775495997214,0.020684681172439507,0.02868043525094161,21.125697902519995,45968.0,2011.1,110777.16,119836.26000000001,-66820.26000000001,200.14166666666668,3.2207849202756402
8.0,750.0,0.8400000000000001,Manual,6627,0,6627,0,0.0,,,,0.0,0.0,0.0,0.0,53016.0,0.0,1325.4,24.2
8.0,750.0,0.8400000000000001,Checks,6627,5858,769,159,0.8839595593783008,0.02714236940935473,0.023280788856429507,0.03162373125206336,23.99275690357628,46864.0,2050.2999999999997,126131.34,134333.64,-81317.64000000001,178.20833333333334,2.811861827875861
8.0,750.0,0.8400000000000001,Checks + score,6627,5737,890,138,0.8657009204768372,0.024054383824298413,0.020396602765711022,0.02834914210904741,20.82390221819828,45896.0,2007.9499999999998,109256.81,118384.76000000001,-65368.76000000001,201.90416666666667,3.2536448116291936
8.0,750.0,0.8450000000000001,Manual,6627,0,6627,0,0.0,,,,0.0,0.0,0.0,0.0,53016.0,0.0,1325.4,24.2
8.0,750.0,0.8450000000000001,Checks,6627,5858,769,159,0.8839595593783008,0.02714236940935473,0.023280788856429507,0.03162373125206336,23.99275690357628,46864.0,2050.2999999999997,126131.34,134333.64,-81317.64000000001,178.20833333333334,2.811861827875861
8.0,750.0,0.8450000000000001,Checks + score,6627,5726,901,137,0.8640410442130677,0.023925951798812434,0.020275333518797057,0.028214942372948363,20.673004376037422,45808.0,2004.1,108496.47,117708.57,-64692.57000000001,204.05833333333334,3.293806901061315
8.0,750.0,0.8500000000000001,Manual,6627,0,6627,0,0.0,,,,0.0,0.0,0.0,0.0,53016.0,0.0,1325.4,24.2
8.0,750.0,0.8500000000000001,Checks,6627,5858,769,159,0.8839595593783008,0.02714236940935473,0.023280788856429507,0.03162373125206336,23.99275690357628,46864.0,2050.2999999999997,126131.34,134333.64,-81317.64000000001,178.20833333333334,2.811861827875861
8.0,750.0,0.8500000000000001,Checks + score,6627,5716,911,136,0.8625320657914591,0.023792862141357594,0.020150119062553574,0.028075272353880056,20.522106533876567,45728.0,2000.6,107662.70999999999,116951.31000000001,-63935.31000000001,206.01666666666668,3.3303178914541522
8.0,750.0,0.8550000000000001,Manual,6627,0,6627,0,0.0,,,,0.0,0.0,0.0,0.0,53016.0,0.0,1325.4,24.2
8.0,750.0,0.8550000000000001,Checks,6627,5858,769,159,0.8839595593783008,0.02714236940935473,0.023280788856429507,0.03162373125206336,23.99275690357628,46864.0,2050.2999999999997,126131.34,134333.64,-81317.64000000001,178.20833333333334,2.811861827875861
8.0,750.0,0.8550000000000001,Checks + score,6627,5703,924,135,0.8605703938433681,0.02367175170962651,0.020035071597526283,0.02794971914907513,20.371208691715708,45624.0,1996.05,106828.95000000001,116217.00000000001,-63201.000000000015,208.5625,3.377782178964841
8.0,750.0,0.8600000000000001,Manual,6627,0,6627,0,0.0,,,,0.0,0.0,0.0,0.0,53016.0,0.0,1325.4,24.2
8.0,750.0,0.8600000000000001,Checks,6627,5858,769,159,0.8839595593783008,0.02714236940935473,0.023280788856429507,0.03162373125206336,23.99275690357628,46864.0,2050.2999999999997,126131.34,134333.64,-81317.64000000001,178.20833333333334,2.811861827875861
8.0,750.0,0.8600000000000001,Checks + score,6627,5687,940,131,0.8581560283687943,0.023034992087216457,0.01944605414835017,0.02726788004373839,19.76761732307228,45496.0,1990.4499999999998,103603.64000000001,113114.09000000001,-60098.09000000001,211.69583333333333,3.4361997635933808
8.0,750.0,0.8650000000000001,Manual,6627,0,6627,0,0.0,,,,0.0,0.0,0.0,0.0,53016.0,0.0,1325.4,24.2
8.0,750.0,0.8650000000000001,Checks,6627,5858,769,159,0.8839595593783008,0.02714236940935473,0.023280788856429507,0.03162373125206336,23.99275690357628,46864.0,2050.2999999999997,126131.34,134333.64,-81317.64000000001,178.20833333333334,2.811861827875861
8.0,750.0,0.8650000000000001,Checks + score,6627,5662,965,127,0.8543835823147728,0.022430236665489225,0.018884668399166034,0.026623416401510364,19.16402595442885,45296.0,1981.6999999999998,100513.62,110215.32,-57199.32000000001,216.59166666666667,3.5274772395754743
8.0,750.0,0.8700000000000001,Manual,6627,0,6627,0,0.0,,,,0.0,0.0,0.0,0.0,53016.0,0.0,1325.4,24.2
8.0,750.0,0.8700000000000001,Checks,6627,5858,769,159,0.8839595593783008,0.02714236940935473,0.023280788856429507,0.03162373125206336,23.99275690357628,46864.0,2050.2999999999997,126131.34,134333.64,-81317.64000000001,178.20833333333334,2.811861827875861
8.0,750.0,0.8700000000000001,Checks + score,6627,5641,986,124,0.8512147276293949,0.021981918099627726,0.018468380720237786,0.026146086406705155,18.71133242794628,45128.0,1974.35,98225.29999999999,108087.65000000002,-55071.65000000002,220.70416666666668,3.6041503194004325
8.0,750.0,0.8750000000000001,Manual,6627,0,6627,0,0.0,,,,0.0,0.0,0.0,0.0,53016.0,0.0,1325.4,24.2
8.0,750.0,0.8750000000000001,Checks,6627,5858,769,159,0.8839595593783008,0.02714236940935473,0.023280788856429507,0.03162373125206336,23.99275690357628,46864.0,2050.2999999999997,126131.34,134333.64,-81317.64000000001,178.20833333333334,2.811861827875861
8.0,750.0,0.8750000000000001,Checks + score,6627,5624,1003,123,0.8486494643126603,0.021870554765291608,0.018361698421676585,0.026032159429617605,18.560434585785423,44992.0,1968.3999999999999,97391.54,107383.94000000002,-54367.94000000002,224.03333333333333,3.666219003068256
8.0,750.0,0.8800000000000001,Manual,6627,0,6627,0,0.0,,,,0.0,0.0,0.0,0.0,53016.0,0.0,1325.4,24.2
8.0,750.0,0.8800000000000001,Checks,6627,5858,769,159,0.8839595593783008,0.02714236940935473,0.023280788856429507,0.03162373125206336,23.99275690357628,46864.0,2050.2999999999997,126131.34,134333.64,-81317.64000000001,178.20833333333334,2.811861827875861
8.0,750.0,0.8800000000000001,Checks + score,6627,5605,1022,121,0.8457824053116041,0.021587867975022303,0.01809793664949092,0.025733146046800597,18.25863890146371,44840.0,1961.7499999999998,95809.32,105947.07,-52931.07000000001,227.75416666666666,3.735589884814647
8.0,750.0,0.8850000000000001,Manual,6627,0,6627,0,0.0,,,,0.0,0.0,0.0,0.0,53016.0,0.0,1325.4,24.2
8.0,750.0,0.8850000000000001,Checks,6627,5858,769,159,0.8839595593783008,0.02714236940935473,0.023280788856429507,0.03162373125206336,23.99275690357628,46864.0,2050.2999999999997,126131.34,134333.64,-81317.64000000001,178.20833333333334,2.811861827875861
8.0,750.0,0.8850000000000001,Checks + score,6627,5582,1045,116,0.8423117549419044,0.020781082049444642,0.017355186765568353,0.02486613222063419,17.504149690659425,44656.0,1953.6999999999998,91853.51999999999,102167.22000000002,-49151.220000000016,232.25833333333333,3.8195651627181735
8.0,750.0,0.8900000000000001,Manual,6627,0,6627,0,0.0,,,,0.0,0.0,0.0,0.0,53016.0,0.0,1325.4,24.2
8.0,750.0,0.8900000000000001,Checks,6627,5858,769,159,0.8839595593783008,0.02714236940935473,0.023280788856429507,0.03162373125206336,23.99275690357628,46864.0,2050.2999999999997,126131.34,134333.64,-81317.64000000001,178.20833333333334,2.811861827875861
8.0,750.0,0.8900000000000001,Checks + score,6627,5551,1076,112,0.8376339218349178,0.0201765447667087,0.016795939666459748,0.024220819479291594,16.900558322015996,44408.0,1942.85,88725.68000000001,99276.53000000001,-46260.53000000001,238.32916666666668,3.932749232935969
8.0,750.0,0.8950000000000001,Manual,6627,0,6627,0,0.0,,,,0.0,0.0,0.0,0.0,53016.0,0.0,1325.4,24.2
8.0,750.0,0.8950000000000001,Checks,6627,5858,769,159,0.8839595593783008,0.02714236940935473,0.023280788856429507,0.03162373125206336,23.99275690357628,46864.0,2050.2999999999997,126131.34,134333.64,-81317.64000000001,178.20833333333334,2.811861827875861
8.0,750.0,0.8950000000000001,Checks + score,6627,5534,1093,110,0.8350686585181832,0.019877123238164075,0.016518896466457718,0.023901472364604548,16.598762637694282,44272.0,1936.8999999999999,87070.04000000001,97750.94000000002,-44734.94000000002,241.65833333333333,3.9948179166037927
8.0,750.0,0.9000000000000001,Manual,6627,0,6627,0,0.0,,,,0.0,0.0,0.0,0.0,53016.0,0.0,1325.4,24.2
8.0,750.0,0.9000000000000001,Checks,6627,5858,769,159,0.8839595593783008,0.02714236940935473,0.023280788856429507,0.03162373125206336,23.99275690357628,46864.0,2050.2999999999997,126131.34,134333.64,-81317.64000000001,178.20833333333334,2.811861827875861
8.0,750.0,0.9000000000000001,Checks + score,6627,5512,1115,107,0.8317489059906443,0.019412191582002903,0.016090468700030117,0.02340334127449852,16.14606911121171,44096.0,1929.1999999999998,84642.18,95491.38,-42475.380000000005,245.96666666666667,4.075142095468035
8.0,750.0,0.9050000000000001,Manual,6627,0,6627,0,0.0,,,,0.0,0.0,0.0,0.0,53016.0,0.0,1325.4,24.2
8.0,750.0,0.9050000000000001,Checks,6627,5858,769,159,0.8839595593783008,0.02714236940935473,0.023280788856429507,0.03162373125206336,23.99275690357628,46864.0,2050.2999999999997,126131.34,134333.64,-81317.64000000001,178.20833333333334,2.811861827875861
8.0,750.0,0.9050000000000001,Checks + score,6627,5488,1139,101,0.8281273577787838,0.018403790087463557,0.015169928434003768,0.022311414800659082,15.240682058246566,43904.0,1920.8,79826.69,90859.49,-37843.490000000005,250.66666666666666,4.1627684724108445
8.0,750.0,0.9100000000000001,Manual,6627,0,6627,0,0.0,,,,0.0,0.0,0.0,0.0,53016.0,0.0,1325.4,24.2
8.0,750.0,0.9100000000000001,Checks,6627,5858,769,159,0.8839595593783008,0.02714236940935473,0.023280788856429507,0.03162373125206336,23.99275690357628,46864.0,2050.2999999999997,126131.34,134333.64,-81317.64000000001,178.20833333333334,2.811861827875861
8.0,750.0,0.9100000000000001,Checks + score,6627,5452,1175,92,0.8226950354609929,0.016874541452677916,0.013780042630554207,0.020649402681787707,13.882601478798852,43616.0,1908.1999999999998,72577.92,83886.12000000001,-30870.12000000001,257.71666666666664,4.294208037825059
8.0,750.0,0.9150000000000001,Manual,6627,0,6627,0,0.0,,,,0.0,0.0,0.0,0.0,53016.0,0.0,1325.4,24.2
8.0,750.0,0.9150000000000001,Checks,6627,5858,769,159,0.8839595593783008,0.02714236940935473,0.023280788856429507,0.03162373125206336,23.99275690357628,46864.0,2050.2999999999997,126131.34,134333.64,-81317.64000000001,178.20833333333334,2.811861827875861
8.0,750.0,0.9150000000000001,Checks + score,6627,5415,1212,85,0.8171118153010412,0.01569713758079409,0.012713100176170378,0.019367852328512538,12.826316583672854,43320.0,1895.2499999999998,67124.33,78715.58000000002,-25699.580000000016,264.9625,4.429298702278557
8.0,750.0,0.9200000000000002,Manual,6627,0,6627,0,0.0,,,,0.0,0.0,0.0,0.0,53016.0,0.0,1325.4,24.2
8.0,750.0,0.9200000000000002,Checks,6627,5858,769,159,0.8839595593783008,0.02714236940935473,0.023280788856429507,0.03162373125206336,23.99275690357628,46864.0,2050.2999999999997,126131.34,134333.64,-81317.64000000001,178.20833333333334,2.811861827875861
8.0,750.0,0.9200000000000002,Checks + score,6627,5386,1241,79,0.8127357778783764,0.014667656888228742,0.011785471008878267,0.01824168229373456,11.920929530707712,43088.0,1885.1,62464.64000000001,74277.74000000002,-21261.74000000002,270.64166666666665,4.535180574417786
8.0,750.0,0.9250000000000002,Manual,6627,0,6627,0,0.0,,,,0.0,0.0,0.0,0.0,53016.0,0.0,1325.4,24.2
8.0,750.0,0.9250000000000002,Checks,6627,5858,769,159,0.8839595593783008,0.02714236940935473,0.023280788856429507,0.03162373125206336,23.99275690357628,46864.0,2050.2999999999997,126131.34,134333.64,-81317.64000000001,178.20833333333334,2.811861827875861
8.0,750.0,0.9250000000000002,Checks + score,6627,5350,1277,77,0.8073034555605855,0.014392523364485982,0.011531605072402532,0.017950328050161272,11.619133846385997,42800.0,1872.4999999999998,60894.64000000001,72983.14,-19967.14,277.69166666666666,4.666620139832
8.0,750.0,0.9300000000000002,Manual,6627,0,6627,0,0.0,,,,0.0,0.0,0.0,0.0,53016.0,0.0,1325.4,24.2
8.0,750.0,0.9300000000000002,Checks,6627,5858,769,159,0.8839595593783008,0.02714236940935473,0.023280788856429507,0.03162373125206336,23.99275690357628,46864.0,2050.2999999999997,126131.34,134333.64,-81317.64000000001,178.20833333333334,2.811861827875861
8.0,750.0,0.9300000000000002,Checks + score,6627,5323,1304,74,0.8032292138222423,0.013901934999060681,0.01108875287653712,0.017416243404936693,11.166440319903426,42584.0,1863.05,58514.98,70810.03000000001,-17794.030000000013,282.9791666666667,4.765199813892661
8.0,750.0,0.9350000000000002,Manual,6627,0,6627,0,0.0,,,,0.0,0.0,0.0,0.0,53016.0,0.0,1325.4,24.2
8.0,750.0,0.9350000000000002,Checks,6627,5858,769,159,0.8839595593783008,0.02714236940935473,0.023280788856429507,0.03162373125206336,23.99275690357628,46864.0,2050.2999999999997,126131.34,134333.64,-81317.64000000001,178.20833333333334,2.811861827875861
8.0,750.0,0.9350000000000002,Checks + score,6627,5283,1344,70,0.797193300135808,0.013250047321597578,0.010501243438891653,0.01670622954460004,10.562848951259998,42264.0,1849.05,55282.090000000004,67883.14000000001,-14867.140000000014,290.8125,4.911243775464011
8.0,750.0,0.9400000000000002,Manual,6627,0,6627,0,0.0,,,,0.0,0.0,0.0,0.0,53016.0,0.0,1325.4,24.2
8.0,750.0,0.9400000000000002,Checks,6627,5858,769,159,0.8839595593783008,0.02714236940935473,0.023280788856429507,0.03162373125206336,23.99275690357628,46864.0,2050.2999999999997,126131.34,134333.64,-81317.64000000001,178.20833333333334,2.811861827875861
8.0,750.0,0.9400000000000002,Checks + score,6627,5243,1384,66,0.7911573864493737,0.012588212855235552,0.009907305272388806,0.015982860727667303,9.95925758261657,41944.0,1835.05,52142.09,65049.14000000001,-12033.140000000007,298.6458333333333,5.0572877370353595
8.0,750.0,0.9450000000000002,Manual,6627,0,6627,0,0.0,,,,0.0,0.0,0.0,0.0,53016.0,0.0,1325.4,24.2
8.0,750.0,0.9450000000000002,Checks,6627,5858,769,159,0.8839595593783008,0.02714236940935473,0.023280788856429507,0.03162373125206336,23.99275690357628,46864.0,2050.2999999999997,126131.34,134333.64,-81317.64000000001,178.20833333333334,2.811861827875861
8.0,750.0,0.9450000000000002,Checks + score,6627,5207,1420,64,0.7857250641315829,0.012291146533512579,0.009637508078914411,0.01566389428956288,9.657461898294855,41656.0,1822.4499999999998,50572.09,63754.54000000001,-10738.540000000008,305.6958333333333,5.188727302449575
8.0,750.0,0.9500000000000002,Manual,6627,0,6627,0,0.0,,,,0.0,0.0,0.0,0.0,53016.0,0.0,1325.4,24.2
8.0,750.0,0.9500000000000002,Checks,6627,5858,769,159,0.8839595593783008,0.02714236940935473,0.023280788856429507,0.03162373125206336,23.99275690357628,46864.0,2050.2999999999997,126131.34,134333.64,-81317.64000000001,178.20833333333334,2.811861827875861
8.0,750.0,0.9500000000000002,Checks + score,6627,5170,1457,59,0.7801418439716312,0.011411992263056094,0.008857861063147038,0.0146916809251504,8.90297268749057,41360.0,1809.4999999999998,46727.15000000001,60192.65000000001,-7176.650000000009,312.94166666666666,5.323817966903073
8.0,750.0,0.9550000000000002,Manual,6627,0,6627,0,0.0,,,,0.0,0.0,0.0,0.0,53016.0,0.0,1325.4,24.2
8.0,750.0,0.9550000000000002,Checks,6627,5858,769,159,0.8839595593783008,0.02714236940935473,0.023280788856429507,0.03162373125206336,23.99275690357628,46864.0,2050.2999999999997,126131.34,134333.64,-81317.64000000001,178.20833333333334,2.811861827875861
8.0,750.0,0.9550000000000002,Checks + score,6627,5123,1504,59,0.7730496453900709,0.011516689439781378,0.00893921830467818,0.014826212638224364,8.90297268749057,40984.0,1793.05,46727.15000000001,60552.200000000004,-7536.200000000004,322.1458333333333,5.4954196217494085
8.0,750.0,0.9600000000000002,Manual,6627,0,6627,0,0.0,,,,0.0,0.0,0.0,0.0,53016.0,0.0,1325.4,24.2
8.0,750.0,0.9600000000000002,Checks,6627,5858,769,159,0.8839595593783008,0.02714236940935473,0.023280788856429507,0.03162373125206336,23.99275690357628,46864.0,2050.2999999999997,126131.34,134333.64,-81317.64000000001,178.20833333333334,2.811861827875861
8.0,750.0,0.9600000000000002,Checks + score,6627,5045,1582,54,0.7612796137015241,0.010703666997026759,0.008213149869281452,0.01393878296220211,8.148483476686284,40360.0,1765.75,42741.17,57162.92000000001,-4146.920000000013,337.42083333333335,5.780205346813541
8.0,750.0,0.9650000000000002,Manual,6627,0,6627,0,0.0,,,,0.0,0.0,0.0,0.0,53016.0,0.0,1325.4,24.2
8.0,750.0,0.9650000000000002,Checks,6627,5858,769,159,0.8839595593783008,0.02714236940935473,0.023280788856429507,0.03162373125206336,23.99275690357628,46864.0,2050.2999999999997,126131.34,134333.64,-81317.64000000001,178.20833333333334,2.811861827875861
8.0,750.0,0.9650000000000002,Checks + score,6627,4938,1689,48,0.7451335445903123,0.009720534629404616,0.0073397435403957465,0.012863574995754827,7.24309642372114,39504.0,1728.3,38067.380000000005,53307.68000000001,-291.68000000000757,358.375,6.1708729440168995
8.0,750.0,0.9700000000000002,Manual,6627,0,6627,0,0.0,,,,0.0,0.0,0.0,0.0,53016.0,0.0,1325.4,24.2
8.0,750.0,0.9700000000000002,Checks,6627,5858,769,159,0.8839595593783008,0.02714236940935473,0.023280788856429507,0.03162373125206336,23.99275690357628,46864.0,2050.2999999999997,126131.34,134333.64,-81317.64000000001,178.20833333333334,2.811861827875861
8.0,750.0,0.9700000000000002,Checks + score,6627,4747,1880,45,0.7163120567375887,0.009479671371392459,0.007092420282645978,0.012660206283560734,6.790402897238569,37976.0,1661.4499999999998,35727.53,52428.98,587.0199999999968,395.77916666666664,6.868232860520095
8.0,750.0,0.9750000000000002,Manual,6627,0,6627,0,0.0,,,,0.0,0.0,0.0,0.0,53016.0,0.0,1325.4,24.2
8.0,750.0,0.9750000000000002,Checks,6627,5858,769,159,0.8839595593783008,0.02714236940935473,0.023280788856429507,0.03162373125206336,23.99275690357628,46864.0,2050.2999999999997,126131.34,134333.64,-81317.64000000001,178.20833333333334,2.811861827875861
8.0,750.0,0.9750000000000002,Checks + score,6627,4406,2221,41,0.6648558925607364,0.009305492510213346,0.0068670017703016464,0.01259891283307096,6.1868115285951415,35248.0,1542.1,32496.090000000004,51806.19000000001,1209.8099999999904,462.55833333333334,8.113257632915849
8.0,750.0,0.9800000000000002,Manual,6627,0,6627,0,0.0,,,,0.0,0.0,0.0,0.0,53016.0,0.0,1325.4,24.2
8.0,750.0,0.9800000000000002,Checks,6627,5858,769,159,0.8839595593783008,0.02714236940935473,0.023280788856429507,0.03162373125206336,23.99275690357628,46864.0,2050.2999999999997,126131.34,134333.64,-81317.64000000001,178.20833333333334,2.811861827875861
8.0,750.0,0.9800000000000002,Checks + score,6627,3798,2829,36,0.5731100045269353,0.009478672985781991,0.006854599203619891,0.01309404884105404,5.432322317790856,30384.0,1329.3,28621.63,52582.93000000001,433.06999999999243,581.625,10.333125848800362
8.0,750.0,0.9850000000000002,Manual,6627,0,6627,0,0.0,,,,0.0,0.0,0.0,0.0,53016.0,0.0,1325.4,24.2
8.0,750.0,0.9850000000000002,Checks,6627,5858,769,159,0.8839595593783008,0.02714236940935473,0.023280788856429507,0.03162373125206336,23.99275690357628,46864.0,2050.2999999999997,126131.34,134333.64,-81317.64000000001,178.20833333333334,2.811861827875861
8.0,750.0,0.9850000000000002,Checks + score,6627,2521,4106,23,0.38041346008752075,0.009123363744545815,0.006087046570257206,0.01365343932794726,3.470650369699713,20168.0,882.3499999999999,18206.53,51936.880000000005,1079.1199999999953,831.7041666666667,14.995579321965696
8.0,750.0,0.9900000000000002,Manual,6627,0,6627,0,0.0,,,,0.0,0.0,0.0,0.0,53016.0,0.0,1325.4,24.2
8.0,750.0,0.9900000000000002,Checks,6627,5858,769,159,0.8839595593783008,0.02714236940935473,0.023280788856429507,0.03162373125206336,23.99275690357628,46864.0,2050.2999999999997,126131.34,134333.64,-81317.64000000001,178.20833333333334,2.811861827875861
8.0,750.0,0.9900000000000002,Checks + score,6627,610,6017,5,0.09204768371812283,0.00819672131147541,0.003506033552696567,0.0190431061602196,0.7544892108042855,4880.0,213.5,3949.71,52299.21,716.7900000000009,1205.9416666666666,21.972829586036916
8.0,750.0,0.9950000000000002,Manual,6627,0,6627,0,0.0,,,,0.0,0.0,0.0,0.0,53016.0,0.0,1325.4,24.2
8.0,750.0,0.9950000000000002,Checks,6627,5858,769,159,0.8839595593783008,0.02714236940935473,0.023280788856429507,0.03162373125206336,23.99275690357628,46864.0,2050.2999999999997,126131.34,134333.64,-81317.64000000001,178.20833333333334,2.811861827875861
8.0,750.0,0.9950000000000002,Checks + score,6627,1,6626,0,0.0001508978421608571,0.0,0.0,0.7934567085261071,0.0,8.0,0.35,0.0,53008.35,7.650000000001455,1325.2041666666667,24.196348900960714
8.0,750.0,1.0,Manual,6627,0,6627,0,0.0,,,,0.0,0.0,0.0,0.0,53016.0,0.0,1325.4,24.2
8.0,750.0,1.0,Checks,6627,5858,769,159,0.8839595593783008,0.02714236940935473,0.023280788856429507,0.03162373125206336,23.99275690357628,46864.0,2050.2999999999997,126131.34,134333.64,-81317.64000000001,178.20833333333334,2.811861827875861
8.0,750.0,1.0,Checks + score,6627,0,6627,0,0.0,,,,0.0,0.0,0.0,0.0,53016.0,0.0,1325.4,24.2
8.0,2000.0,0.8,Manual,6627,0,6627,0,0.0,,,,0.0,0.0,0.0,0.0,53016.0,0.0,1325.4,24.2
8.0,2000.0,0.8,Checks,6627,5858,769,159,0.8839595593783008,0.02714236940935473,0.023280788856429507,0.03162373125206336,23.99275690357628,46864.0,2050.2999999999997,324881.33999999997,333083.6399999999,-280067.6399999999,178.20833333333334,2.811861827875861
8.0,2000.0,0.8,Checks + score,6627,5795,832,146,0.8744529953221669,0.025194132873166523,0.02146282204151792,0.029554539770882675,22.031084955485138,46360.0,2028.2499999999998,298098.45,306782.69999999995,-253766.69999999995,190.54583333333332,3.041881067350736
8.0,2000.0,0.805,Manual,6627,0,6627,0,0.0,,,,0.0,0.0,0.0,0.0,53016.0,0.0,1325.4,24.2
8.0,2000.0,0.805,Checks,6627,5858,769,159,0.8839595593783008,0.02714236940935473,0.023280788856429507,0.03162373125206336,23.99275690357628,46864.0,2050.2999999999997,324881.33999999997,333083.6399999999,-280067.6399999999,178.20833333333334,2.811861827875861
8.0,2000.0,0.805,Checks + score,6627,5792,835,146,0.8740003017956843,0.02520718232044199,0.021473958379143225,0.02956981065691877,22.031084955485138,46336.0,2027.1999999999998,298098.45,306805.6499999999,-253789.6499999999,191.13333333333333,3.0528343644685885
8.0,2000.0,0.81,Manual,6627,0,6627,0,0.0,,,,0.0,0.0,0.0,0.0,53016.0,0.0,1325.4,24.2
8.0,2000.0,0.81,Checks,6627,5858,769,159,0.8839595593783008,0.02714236940935473,0.023280788856429507,0.03162373125206336,23.99275690357628,46864.0,2050.2999999999997,324881.33999999997,333083.6399999999,-280067.6399999999,178.20833333333334,2.811861827875861
8.0,2000.0,0.81,Checks + score,6627,5786,841,145,0.8730949147427192,0.02506049083995852,0.021337001341170954,0.02941423164592838,21.88018711332428,46288.0,2025.1,296088.44,304841.5399999999,-251825.53999999992,192.30833333333334,3.074740958704291
8.0,2000.0,0.8150000000000001,Manual,6627,0,6627,0,0.0,,,,0.0,0.0,0.0,0.0,53016.0,0.0,1325.4,24.2
8.0,2000.0,0.8150000000000001,Checks,6627,5858,769,159,0.8839595593783008,0.02714236940935473,0.023280788856429507,0.03162373125206336,23.99275690357628,46864.0,2050.2999999999997,324881.33999999997,333083.6399999999,-280067.6399999999,178.20833333333334,2.811861827875861
8.0,2000.0,0.8150000000000001,Checks + score,6627,5777,850,145,0.8717368341632714,0.025099532629392417,0.02137030065288654,0.02945994524072175,21.88018711332428,46216.0,2021.9499999999998,296088.44,304910.3899999999,-251894.3899999999,194.07083333333333,3.1076008500578443
8.0,2000.0,0.8200000000000001,Manual,6627,0,6627,0,0.0,,,,0.0,0.0,0.0,0.0,53016.0,0.0,1325.4,24.2
8.0,2000.0,0.8200000000000001,Checks,6627,5858,769,159,0.8839595593783008,0.02714236940935473,0.023280788856429507,0.03162373125206336,23.99275690357628,46864.0,2050.2999999999997,324881.33999999997,333083.6399999999,-280067.6399999999,178.20833333333334,2.811861827875861
8.0,2000.0,0.8200000000000001,Checks + score,6627,5773,854,144,0.871133242794628,0.02494370344708124,0.021225559684601276,0.02929367213923824,21.729289271163424,46184.0,2020.55,294052.5,302905.04999999993,-249889.04999999993,194.85416666666666,3.1222052462149787
8.0,2000.0,0.8250000000000001,Manual,6627,0,6627,0,0.0,,,,0.0,0.0,0.0,0.0,53016.0,0.0,1325.4,24.2
8.0,2000.0,0.8250000000000001,Checks,6627,5858,769,159,0.8839595593783008,0.02714236940935473,0.023280788856429507,0.03162373125206336,23.99275690357628,46864.0,2050.2999999999997,324881.33999999997,333083.6399999999,-280067.6399999999,178.20833333333334,2.811861827875861
8.0,2000.0,0.8250000000000001,Checks + score,6627,5764,863,142,0.8697751622151804,0.024635669673837613,0.02093926415382383,0.02896529633202585,21.42749358684171,46112.0,2017.3999999999999,289944.68,298866.0799999999,-245850.0799999999,196.61666666666667,3.1550651375685326
8.0,2000.0,0.8300000000000001,Manual,6627,0,6627,0,0.0,,,,0.0,0.0,0.0,0.0,53016.0,0.0,1325.4,24.2
8.0,2000.0,0.8300000000000001,Checks,6627,5858,769,159,0.8839595593783008,0.02714236940935473,0.023280788856429507,0.03162373125206336,23.99275690357628,46864.0,2050.2999999999997,324881.33999999997,333083.6399999999,-280067.6399999999,178.20833333333334,2.811861827875861
8.0,2000.0,0.8300000000000001,Checks + score,6627,5753,874,141,0.8681152859514109,0.024508951851208067,0.02081939397173556,0.028833109929014465,21.27659574468085,46024.0,2013.55,287860.92,296866.4699999999,-243850.4699999999,198.77083333333334,3.195227227000654
8.0,2000.0,0.8350000000000001,Manual,6627,0,6627,0,0.0,,,,0.0,0.0,0.0,0.0,53016.0,0.0,1325.4,24.2
8.0,2000.0,0.8350000000000001,Checks,6627,5858,769,159,0.8839595593783008,0.02714236940935473,0.023280788856429507,0.03162373125206336,23.99275690357628,46864.0,2050.2999999999997,324881.33999999997,333083.6399999999,-280067.6399999999,178.20833333333334,2.811861827875861
8.0,2000.0,0.8350000000000001,Checks + score,6627,5746,881,140,0.8670590010562849,0.024364775495997214,0.020684681172439507,0.02868043525094161,21.125697902519995,45968.0,2011.1,285777.16000000003,294836.2599999999,-241820.2599999999,200.14166666666668,3.2207849202756402
8.0,2000.0,0.8400000000000001,Manual,6627,0,6627,0,0.0,,,,0.0,0.0,0.0,0.0,53016.0,0.0,1325.4,24.2
8.0,2000.0,0.8400000000000001,Checks,6627,5858,769,159,0.8839595593783008,0.02714236940935473,0.023280788856429507,0.03162373125206336,23.99275690357628,46864.0,2050.2999999999997,324881.33999999997,333083.6399999999,-280067.6399999999,178.20833333333334,2.811861827875861
8.0,2000.0,0.8400000000000001,Checks + score,6627,5737,890,138,0.8657009204768372,0.024054383824298413,0.020396602765711022,0.02834914210904741,20.82390221819828,45896.0,2007.9499999999998,281756.81000000006,290884.7599999999,-237868.7599999999,201.90416666666667,3.2536448116291936
8.0,2000.0,0.8450000000000001,Manual,6627,0,6627,0,0.0,,,,0.0,0.0,0.0,0.0,53016.0,0.0,1325.4,24.2
8.0,2000.0,0.8450000000000001,Checks,6627,5858,769,159,0.8839595593783008,0.02714236940935473,0.023280788856429507,0.03162373125206336,23.99275690357628,46864.0,2050.2999999999997,324881.33999999997,333083.6399999999,-280067.6399999999,178.20833333333334,2.811861827875861
8.0,2000.0,0.8450000000000001,Checks + score,6627,5726,901,137,0.8640410442130677,0.023925951798812434,0.020275333518797057,0.028214942372948363,20.673004376037422,45808.0,2004.1,279746.47,288958.5699999999,-235942.5699999999,204.05833333333334,3.293806901061315
8.0,2000.0,0.8500000000000001,Manual,6627,0,6627,0,0.0,,,,0.0,0.0,0.0,0.0,53016.0,0.0,1325.4,24.2
8.0,2000.0,0.8500000000000001,Checks,6627,5858,769,159,0.8839595593783008,0.02714236940935473,0.023280788856429507,0.03162373125206336,23.99275690357628,46864.0,2050.2999999999997,324881.33999999997,333083.6399999999,-280067.6399999999,178.20833333333334,2.811861827875861
8.0,2000.0,0.8500000000000001,Checks + score,6627,5716,911,136,0.8625320657914591,0.023792862141357594,0.020150119062553574,0.028075272353880056,20.522106533876567,45728.0,2000.6,277662.71,286951.3099999999,-233935.30999999988,206.01666666666668,3.3303178914541522
8.0,2000.0,0.8550000000000001,Manual,6627,0,6627,0,0.0,,,,0.0,0.0,0.0,0.0,53016.0,0.0,1325.4,24.2
8.0,2000.0,0.8550000000000001,Checks,6627,5858,769,159,0.8839595593783008,0.02714236940935473,0.023280788856429507,0.03162373125206336,23.99275690357628,46864.0,2050.2999999999997,324881.33999999997,333083.6399999999,-280067.6399999999,178.20833333333334,2.811861827875861
8.0,2000.0,0.8550000000000001,Checks + score,6627,5703,924,135,0.8605703938433681,0.02367175170962651,0.020035071597526283,0.02794971914907513,20.371208691715708,45624.0,1996.05,275578.95,284966.9999999999,-231950.99999999988,208.5625,3.377782178964841
8.0,2000.0,0.8600000000000001,Manual,6627,0,6627,0,0.0,,,,0.0,0.0,0.0,0.0,53016.0,0.0,1325.4,24.2
8.0,2000.0,0.8600000000000001,Checks,6627,5858,769,159,0.8839595593783008,0.02714236940935473,0.023280788856429507,0.03162373125206336,23.99275690357628,46864.0,2050.2999999999997,324881.33999999997,333083.6399999999,-280067.6399999999,178.20833333333334,2.811861827875861
8.0,2000.0,0.8600000000000001,Checks + score,6627,5687,940,131,0.8581560283687943,0.023034992087216457,0.01944605414835017,0.02726788004373839,19.76761732307228,45496.0,1990.4499999999998,267353.64,276864.08999999997,-223848.08999999997,211.69583333333333,3.4361997635933808
8.0,2000.0,0.8650000000000001,Manual,6627,0,6627,0,0.0,,,,0.0,0.0,0.0,0.0,53016.0,0.0,1325.4,24.2
8.0,2000.0,0.8650000000000001,Checks,6627,5858,769,159,0.8839595593783008,0.02714236940935473,0.023280788856429507,0.03162373125206336,23.99275690357628,46864.0,2050.2999999999997,324881.33999999997,333083.6399999999,-280067.6399999999,178.20833333333334,2.811861827875861
8.0,2000.0,0.8650000000000001,Checks + score,6627,5662,965,127,0.8543835823147728,0.022430236665489225,0.018884668399166034,0.026623416401510364,19.16402595442885,45296.0,1981.6999999999998,259263.62000000002,268965.31999999995,-215949.31999999995,216.59166666666667,3.5274772395754743
8.0,2000.0,0.8700000000000001,Manual,6627,0,6627,0,0.0,,,,0.0,0.0,0.0,0.0,53016.0,0.0,1325.4,24.2
8.0,2000.0,0.8700000000000001,Checks,6627,5858,769,159,0.8839595593783008,0.02714236940935473,0.023280788856429507,0.03162373125206336,23.99275690357628,46864.0,2050.2999999999997,324881.33999999997,333083.6399999999,-280067.6399999999,178.20833333333334,2.811861827875861
8.0,2000.0,0.8700000000000001,Checks + score,6627,5641,986,124,0.8512147276293949,0.021981918099627726,0.018468380720237786,0.026146086406705155,18.71133242794628,45128.0,1974.35,253225.30000000002,263087.6499999999,-210071.6499999999,220.70416666666668,3.6041503194004325
8.0,2000.0,0.8750000000000001,Manual,6627,0,6627,0,0.0,,,,0.0,0.0,0.0,0.0,53016.0,0.0,1325.4,24.2
8.0,2000.0,0.8750000000000001,Checks,6627,5858,769,159,0.8839595593783008,0.02714236940935473,0.023280788856429507,0.03162373125206336,23.99275690357628,46864.0,2050.2999999999997,324881.33999999997,333083.6399999999,-280067.6399999999,178.20833333333334,2.811861827875861
8.0,2000.0,0.8750000000000001,Checks + score,6627,5624,1003,123,0.8486494643126603,0.021870554765291608,0.018361698421676585,0.026032159429617605,18.560434585785423,44992.0,1968.3999999999999,251141.54000000004,261133.93999999992,-208117.93999999992,224.03333333333333,3.666219003068256
8.0,2000.0,0.8800000000000001,Manual,6627,0,6627,0,0.0,,,,0.0,0.0,0.0,0.0,53016.0,0.0,1325.4,24.2
8.0,2000.0,0.8800000000000001,Checks,6627,5858,769,159,0.8839595593783008,0.02714236940935473,0.023280788856429507,0.03162373125206336,23.99275690357628,46864.0,2050.2999999999997,324881.33999999997,333083.6399999999,-280067.6399999999,178.20833333333334,2.811861827875861
8.0,2000.0,0.8800000000000001,Checks + score,6627,5605,1022,121,0.8457824053116041,0.021587867975022303,0.01809793664949092,0.025733146046800597,18.25863890146371,44840.0,1961.7499999999998,247059.32,257197.06999999992,-204181.06999999992,227.75416666666666,3.735589884814647
8.0,2000.0,0.8850000000000001,Manual,6627,0,6627,0,0.0,,,,0.0,0.0,0.0,0.0,53016.0,0.0,1325.4,24.2
8.0,2000.0,0.8850000000000001,Checks,6627,5858,769,159,0.8839595593783008,0.02714236940935473,0.023280788856429507,0.03162373125206336,23.99275690357628,46864.0,2050.2999999999997,324881.33999999997,333083.6399999999,-280067.6399999999,178.20833333333334,2.811861827875861
8.0,2000.0,0.8850000000000001,Checks + score,6627,5582,1045,116,0.8423117549419044,0.020781082049444642,0.017355186765568353,0.02486613222063419,17.504149690659425,44656.0,1953.6999999999998,236853.52000000002,247167.2199999999,-194151.2199999999,232.25833333333333,3.8195651627181735
8.0,2000.0,0.8900000000000001,Manual,6627,0,6627,0,0.0,,,,0.0,0.0,0.0,0.0,53016.0,0.0,1325.4,24.2
8.0,2000.0,0.8900000000000001,Checks,6627,5858,769,159,0.8839595593783008,0.02714236940935473,0.023280788856429507,0.03162373125206336,23.99275690357628,46864.0,2050.2999999999997,324881.33999999997,333083.6399999999,-280067.6399999999,178.20833333333334,2.811861827875861
8.0,2000.0,0.8900000000000001,Checks + score,6627,5551,1076,112,0.8376339218349178,0.0201765447667087,0.016795939666459748,0.024220819479291594,16.900558322015996,44408.0,1942.85,228725.68,239276.52999999997,-186260.52999999997,238.32916666666668,3.932749232935969
8.0,2000.0,0.8950000000000001,Manual,6627,0,6627,0,0.0,,,,0.0,0.0,0.0,0.0,53016.0,0.0,1325.4,24.2
8.0,2000.0,0.8950000000000001,Checks,6627,5858,769,159,0.8839595593783008,0.02714236940935473,0.023280788856429507,0.03162373125206336,23.99275690357628,46864.0,2050.2999999999997,324881.33999999997,333083.6399999999,-280067.6399999999,178.20833333333334,2.811861827875861
8.0,2000.0,0.8950000000000001,Checks + score,6627,5534,1093,110,0.8350686585181832,0.019877123238164075,0.016518896466457718,0.023901472364604548,16.598762637694282,44272.0,1936.8999999999999,224570.03999999998,235250.93999999994,-182234.93999999994,241.65833333333333,3.9948179166037927
8.0,2000.0,0.9000000000000001,Manual,6627,0,6627,0,0.0,,,,0.0,0.0,0.0,0.0,53016.0,0.0,1325.4,24.2
8.0,2000.0,0.9000000000000001,Checks,6627,5858,769,159,0.8839595593783008,0.02714236940935473,0.023280788856429507,0.03162373125206336,23.99275690357628,46864.0,2050.2999999999997,324881.33999999997,333083.6399999999,-280067.6399999999,178.20833333333334,2.811861827875861
8.0,2000.0,0.9000000000000001,Checks + score,6627,5512,1115,107,0.8317489059906443,0.019412191582002903,0.016090468700030117,0.02340334127449852,16.14606911121171,44096.0,1929.1999999999998,218392.18,229241.37999999995,-176225.37999999995,245.96666666666667,4.075142095468035
8.0,2000.0,0.9050000000000001,Manual,6627,0,6627,0,0.0,,,,0.0,0.0,0.0,0.0,53016.0,0.0,1325.4,24.2
8.0,2000.0,0.9050000000000001,Checks,6627,5858,769,159,0.8839595593783008,0.02714236940935473,0.023280788856429507,0.03162373125206336,23.99275690357628,46864.0,2050.2999999999997,324881.33999999997,333083.6399999999,-280067.6399999999,178.20833333333334,2.811861827875861
8.0,2000.0,0.9050000000000001,Checks + score,6627,5488,1139,101,0.8281273577787838,0.018403790087463557,0.015169928434003768,0.022311414800659082,15.240682058246566,43904.0,1920.8,206076.69,217109.48999999993,-164093.48999999993,250.66666666666666,4.1627684724108445
8.0,2000.0,0.9100000000000001,Manual,6627,0,6627,0,0.0,,,,0.0,0.0,0.0,0.0,53016.0,0.0,1325.4,24.2
8.0,2000.0,0.9100000000000001,Checks,6627,5858,769,159,0.8839595593783008,0.02714236940935473,0.023280788856429507,0.03162373125206336,23.99275690357628,46864.0,2050.2999999999997,324881.33999999997,333083.6399999999,-280067.6399999999,178.20833333333334,2.811861827875861
8.0,2000.0,0.9100000000000001,Checks + score,6627,5452,1175,92,0.8226950354609929,0.016874541452677916,0.013780042630554207,0.020649402681787707,13.882601478798852,43616.0,1908.1999999999998,187577.92,198886.11999999994,-145870.11999999994,257.71666666666664,4.294208037825059
8.0,2000.0,0.9150000000000001,Manual,6627,0,6627,0,0.0,,,,0.0,0.0,0.0,0.0,53016.0,0.0,1325.4,24.2
8.0,2000.0,0.9150000000000001,Checks,6627,5858,769,159,0.8839595593783008,0.02714236940935473,0.023280788856429507,0.03162373125206336,23.99275690357628,46864.0,2050.2999999999997,324881.33999999997,333083.6399999999,-280067.6399999999,178.20833333333334,2.811861827875861
8.0,2000.0,0.9150000000000001,Checks + score,6627,5415,1212,85,0.8171118153010412,0.01569713758079409,0.012713100176170378,0.019367852328512538,12.826316583672854,43320.0,1895.2499999999998,173374.33,184965.57999999996,-131949.57999999996,264.9625,4.429298702278557
8.0,2000.0,0.9200000000000002,Manual,6627,0,6627,0,0.0,,,,0.0,0.0,0.0,0.0,53016.0,0.0,1325.4,24.2
8.0,2000.0,0.9200000000000002,Checks,6627,5858,769,159,0.8839595593783008,0.02714236940935473,0.023280788856429507,0.03162373125206336,23.99275690357628,46864.0,2050.2999999999997,324881.33999999997,333083.6399999999,-280067.6399999999,178.20833333333334,2.811861827875861
8.0,2000.0,0.9200000000000002,Checks + score,6627,5386,1241,79,0.8127357778783764,0.014667656888228742,0.011785471008878267,0.01824168229373456,11.920929530707712,43088.0,1885.1,161214.64,173027.73999999996,-120011.73999999996,270.64166666666665,4.535180574417786
8.0,2000.0,0.9250000000000002,Manual,6627,0,6627,0,0.0,,,,0.0,0.0,0.0,0.0,53016.0,0.0,1325.4,24.2
8.0,2000.0,0.9250000000000002,Checks,6627,5858,769,159,0.8839595593783008,0.02714236940935473,0.023280788856429507,0.03162373125206336,23.99275690357628,46864.0,2050.2999999999997,324881.33999999997,333083.6399999999,-280067.6399999999,178.20833333333334,2.811861827875861
8.0,2000.0,0.9250000000000002,Checks + score,6627,5350,1277,77,0.8073034555605855,0.014392523364485982,0.011531605072402532,0.017950328050161272,11.619133846385997,42800.0,1872.4999999999998,157144.64,169233.13999999996,-116217.13999999996,277.69166666666666,4.666620139832
8.0,2000.0,0.9300000000000002,Manual,6627,0,6627,0,0.0,,,,0.0,0.0,0.0,0.0,53016.0,0.0,1325.4,24.2
8.0,2000.0,0.9300000000000002,Checks,6627,5858,769,159,0.8839595593783008,0.02714236940935473,0.023280788856429507,0.03162373125206336,23.99275690357628,46864.0,2050.2999999999997,324881.33999999997,333083.6399999999,-280067.6399999999,178.20833333333334,2.811861827875861
8.0,2000.0,0.9300000000000002,Checks + score,6627,5323,1304,74,0.8032292138222423,0.013901934999060681,0.01108875287653712,0.017416243404936693,11.166440319903426,42584.0,1863.05,151014.97999999998,163310.02999999997,-110294.02999999997,282.9791666666667,4.765199813892661
8.0,2000.0,0.9350000000000002,Manual,6627,0,6627,0,0.0,,,,0.0,0.0,0.0,0.0,53016.0,0.0,1325.4,24.2
8.0,2000.0,0.9350000000000002,Checks,6627,5858,769,159,0.8839595593783008,0.02714236940935473,0.023280788856429507,0.03162373125206336,23.99275690357628,46864.0,2050.2999999999997,324881.33999999997,333083.6399999999,-280067.6399999999,178.20833333333334,2.811861827875861
8.0,2000.0,0.9350000000000002,Checks + score,6627,5283,1344,70,0.797193300135808,0.013250047321597578,0.010501243438891653,0.01670622954460004,10.562848951259998,42264.0,1849.05,142782.09000000003,155383.13999999996,-102367.13999999996,290.8125,4.911243775464011
8.0,2000.0,0.9400000000000002,Manual,6627,0,6627,0,0.0,,,,0.0,0.0,0.0,0.0,53016.0,0.0,1325.4,24.2
8.0,2000.0,0.9400000000000002,Checks,6627,5858,769,159,0.8839595593783008,0.02714236940935473,0.023280788856429507,0.03162373125206336,23.99275690357628,46864.0,2050.2999999999997,324881.33999999997,333083.6399999999,-280067.6399999999,178.20833333333334,2.811861827875861
8.0,2000.0,0.9400000000000002,Checks + score,6627,5243,1384,66,0.7911573864493737,0.012588212855235552,0.009907305272388806,0.015982860727667303,9.95925758261657,41944.0,1835.05,134642.09000000003,147549.13999999996,-94533.13999999996,298.6458333333333,5.0572877370353595
8.0,2000.0,0.9450000000000002,Manual,6627,0,6627,0,0.0,,,,0.0,0.0,0.0,0.0,53016.0,0.0,1325.4,24.2
8.0,2000.0,0.9450000000000002,Checks,6627,5858,769,159,0.8839595593783008,0.02714236940935473,0.023280788856429507,0.03162373125206336,23.99275690357628,46864.0,2050.2999999999997,324881.33999999997,333083.6399999999,-280067.6399999999,178.20833333333334,2.811861827875861
8.0,2000.0,0.9450000000000002,Checks + score,6627,5207,1420,64,0.7857250641315829,0.012291146533512579,0.009637508078914411,0.01566389428956288,9.657461898294855,41656.0,1822.4499999999998,130572.09,143754.53999999998,-90738.53999999998,305.6958333333333,5.188727302449575
8.0,2000.0,0.9500000000000002,Manual,6627,0,6627,0,0.0,,,,0.0,0.0,0.0,0.0,53016.0,0.0,1325.4,24.2
8.0,2000.0,0.9500000000000002,Checks,6627,5858,769,159,0.8839595593783008,0.02714236940935473,0.023280788856429507,0.03162373125206336,23.99275690357628,46864.0,2050.2999999999997,324881.33999999997,333083.6399999999,-280067.6399999999,178.20833333333334,2.811861827875861
8.0,2000.0,0.9500000000000002,Checks + score,6627,5170,1457,59,0.7801418439716312,0.011411992263056094,0.008857861063147038,0.0146916809251504,8.90297268749057,41360.0,1809.4999999999998,120477.15000000001,133942.64999999997,-80926.64999999997,312.94166666666666,5.323817966903073
8.0,2000.0,0.9550000000000002,Manual,6627,0,6627,0,0.0,,,,0.0,0.0,0.0,0.0,53016.0,0.0,1325.4,24.2
8.0,2000.0,0.9550000000000002,Checks,6627,5858,769,159,0.8839595593783008,0.02714236940935473,0.023280788856429507,0.03162373125206336,23.99275690357628,46864.0,2050.2999999999997,324881.33999999997,333083.6399999999,-280067.6399999999,178.20833333333334,2.811861827875861
8.0,2000.0,0.9550000000000002,Checks + score,6627,5123,1504,59,0.7730496453900709,0.011516689439781378,0.00893921830467818,0.014826212638224364,8.90297268749057,40984.0,1793.05,120477.15000000001,134302.19999999998,-81286.19999999998,322.1458333333333,5.4954196217494085
8.0,2000.0,0.9600000000000002,Manual,6627,0,6627,0,0.0,,,,0.0,0.0,0.0,0.0,53016.0,0.0,1325.4,24.2
8.0,2000.0,0.9600000000000002,Checks,6627,5858,769,159,0.8839595593783008,0.02714236940935473,0.023280788856429507,0.03162373125206336,23.99275690357628,46864.0,2050.2999999999997,324881.33999999997,333083.6399999999,-280067.6399999999,178.20833333333334,2.811861827875861
8.0,2000.0,0.9600000000000002,Checks + score,6627,5045,1582,54,0.7612796137015241,0.010703666997026759,0.008213149869281452,0.01393878296220211,8.148483476686284,40360.0,1765.75,110241.17000000001,124662.91999999995,-71646.91999999995,337.42083333333335,5.780205346813541
8.0,2000.0,0.9650000000000002,Manual,6627,0,6627,0,0.0,,,,0.0,0.0,0.0,0.0,53016.0,0.0,1325.4,24.2
8.0,2000.0,0.9650000000000002,Checks,6627,5858,769,159,0.8839595593783008,0.02714236940935473,0.023280788856429507,0.03162373125206336,23.99275690357628,46864.0,2050.2999999999997,324881.33999999997,333083.6399999999,-280067.6399999999,178.20833333333334,2.811861827875861
8.0,2000.0,0.9650000000000002,Checks + score,6627,4938,1689,48,0.7451335445903123,0.009720534629404616,0.0073397435403957465,0.012863574995754827,7.24309642372114,39504.0,1728.3,98067.38,113307.68,-60291.67999999999,358.375,6.1708729440168995
8.0,2000.0,0.9700000000000002,Manual,6627,0,6627,0,0.0,,,,0.0,0.0,0.0,0.0,53016.0,0.0,1325.4,24.2
8.0,2000.0,0.9700000000000002,Checks,6627,5858,769,159,0.8839595593783008,0.02714236940935473,0.023280788856429507,0.03162373125206336,23.99275690357628,46864.0,2050.2999999999997,324881.33999999997,333083.6399999999,-280067.6399999999,178.20833333333334,2.811861827875861
8.0,2000.0,0.9700000000000002,Checks + score,6627,4747,1880,45,0.7163120567375887,0.009479671371392459,0.007092420282645978,0.012660206283560734,6.790402897238569,37976.0,1661.4499999999998,91977.53,108678.97999999998,-55662.97999999998,395.77916666666664,6.868232860520095
8.0,2000.0,0.9750000000000002,Manual,6627,0,6627,0,0.0,,,,0.0,0.0,0.0,0.0,53016.0,0.0,1325.4,24.2
8.0,2000.0,0.9750000000000002,Checks,6627,5858,769,159,0.8839595593783008,0.02714236940935473,0.023280788856429507,0.03162373125206336,23.99275690357628,46864.0,2050.2999999999997,324881.33999999997,333083.6399999999,-280067.6399999999,178.20833333333334,2.811861827875861
8.0,2000.0,0.9750000000000002,Checks + score,6627,4406,2221,41,0.6648558925607364,0.009305492510213346,0.0068670017703016464,0.01259891283307096,6.1868115285951415,35248.0,1542.1,83746.09000000001,103056.18999999997,-50040.18999999997,462.55833333333334,8.113257632915849
8.0,2000.0,0.9800000000000002,Manual,6627,0,6627,0,0.0,,,,0.0,0.0,0.0,0.0,53016.0,0.0,1325.4,24.2
8.0,2000.0,0.9800000000000002,Checks,6627,5858,769,159,0.8839595593783008,0.02714236940935473,0.023280788856429507,0.03162373125206336,23.99275690357628,46864.0,2050.2999999999997,324881.33999999997,333083.6399999999,-280067.6399999999,178.20833333333334,2.811861827875861
8.0,2000.0,0.9800000000000002,Checks + score,6627,3798,2829,36,0.5731100045269353,0.009478672985781991,0.006854599203619891,0.01309404884105404,5.432322317790856,30384.0,1329.3,73621.63,97582.93,-44566.92999999999,581.625,10.333125848800362
8.0,2000.0,0.9850000000000002,Manual,6627,0,6627,0,0.0,,,,0.0,0.0,0.0,0.0,53016.0,0.0,1325.4,24.2
8.0,2000.0,0.9850000000000002,Checks,6627,5858,769,159,0.8839595593783008,0.02714236940935473,0.023280788856429507,0.03162373125206336,23.99275690357628,46864.0,2050.2999999999997,324881.33999999997,333083.6399999999,-280067.6399999999,178.20833333333334,2.811861827875861
8.0,2000.0,0.9850000000000002,Checks + score,6627,2521,4106,23,0.38041346008752075,0.009123363744545815,0.006087046570257206,0.01365343932794726,3.470650369699713,20168.0,882.3499999999999,46956.53,80686.87999999999,-27670.87999999999,831.7041666666667,14.995579321965696
8.0,2000.0,0.9900000000000002,Manual,6627,0,6627,0,0.0,,,,0.0,0.0,0.0,0.0,53016.0,0.0,1325.4,24.2
8.0,2000.0,0.9900000000000002,Checks,6627,5858,769,159,0.8839595593783008,0.02714236940935473,0.023280788856429507,0.03162373125206336,23.99275690357628,46864.0,2050.2999999999997,324881.33999999997,333083.6399999999,-280067.6399999999,178.20833333333334,2.811861827875861
8.0,2000.0,0.9900000000000002,Checks + score,6627,610,6017,5,0.09204768371812283,0.00819672131147541,0.003506033552696567,0.0190431061602196,0.7544892108042855,4880.0,213.5,10199.71,58549.21,-5533.209999999999,1205.9416666666666,21.972829586036916
8.0,2000.0,0.9950000000000002,Manual,6627,0,6627,0,0.0,,,,0.0,0.0,0.0,0.0,53016.0,0.0,1325.4,24.2
8.0,2000.0,0.9950000000000002,Checks,6627,5858,769,159,0.8839595593783008,0.02714236940935473,0.023280788856429507,0.03162373125206336,23.99275690357628,46864.0,2050.2999999999997,324881.33999999997,333083.6399999999,-280067.6399999999,178.20833333333334,2.811861827875861
8.0,2000.0,0.9950000000000002,Checks + score,6627,1,6626,0,0.0001508978421608571,0.0,0.0,0.7934567085261071,0.0,8.0,0.35,0.0,53008.35,7.650000000001455,1325.2041666666667,24.196348900960714
8.0,2000.0,1.0,Manual,6627,0,6627,0,0.0,,,,0.0,0.0,0.0,0.0,53016.0,0.0,1325.4,24.2
8.0,2000.0,1.0,Checks,6627,5858,769,159,0.8839595593783008,0.02714236940935473,0.023280788856429507,0.03162373125206336,23.99275690357628,46864.0,2050.2999999999997,324881.33999999997,333083.6399999999,-280067.6399999999,178.20833333333334,2.811861827875861
8.0,2000.0,1.0,Checks + score,6627,0,6627,0,0.0,,,,0.0,0.0,0.0,0.0,53016.0,0.0,1325.4,24.2
18.0,100.0,0.8,Manual,6627,0,6627,0,0.0,,,,0.0,0.0,0.0,0.0,119286.0,0.0,1325.4,24.2
18.0,100.0,0.8,Checks,6627,5858,769,159,0.8839595593783008,0.02714236940935473,0.023280788856429507,0.03162373125206336,23.99275690357628,105444.0,2050.2999999999997,22781.34,38673.64,80612.36,178.20833333333334,2.811861827875861
18.0,100.0,0.8,Checks + score,6627,5795,832,146,0.8744529953221669,0.025194132873166523,0.02146282204151792,0.029554539770882675,22.031084955485138,104310.0,2028.2499999999998,20698.45,37702.7,81583.3,190.54583333333332,3.041881067350736
18.0,100.0,0.805,Manual,6627,0,6627,0,0.0,,,,0.0,0.0,0.0,0.0,119286.0,0.0,1325.4,24.2
18.0,100.0,0.805,Checks,6627,5858,769,159,0.8839595593783008,0.02714236940935473,0.023280788856429507,0.03162373125206336,23.99275690357628,105444.0,2050.2999999999997,22781.34,38673.64,80612.36,178.20833333333334,2.811861827875861
18.0,100.0,0.805,Checks + score,6627,5792,835,146,0.8740003017956843,0.02520718232044199,0.021473958379143225,0.02956981065691877,22.031084955485138,104256.0,2027.1999999999998,20698.45,37755.649999999994,81530.35,191.13333333333333,3.0528343644685885
18.0,100.0,0.81,Manual,6627,0,6627,0,0.0,,,,0.0,0.0,0.0,0.0,119286.0,0.0,1325.4,24.2
18.0,100.0,0.81,Checks,6627,5858,769,159,0.8839595593783008,0.02714236940935473,0.023280788856429507,0.03162373125206336,23.99275690357628,105444.0,2050.2999999999997,22781.34,38673.64,80612.36,178.20833333333334,2.811861827875861
18.0,100.0,0.81,Checks + score,6627,5786,841,145,0.8730949147427192,0.02506049083995852,0.021337001341170954,0.02941423164592838,21.88018711332428,104148.0,2025.1,20588.440000000002,37751.54,81534.45999999999,192.30833333333334,3.074740958704291
18.0,100.0,0.8150000000000001,Manual,6627,0,6627,0,0.0,,,,0.0,0.0,0.0,0.0,119286.0,0.0,1325.4,24.2
18.0,100.0,0.8150000000000001,Checks,6627,5858,769,159,0.8839595593783008,0.02714236940935473,0.023280788856429507,0.03162373125206336,23.99275690357628,105444.0,2050.2999999999997,22781.34,38673.64,80612.36,178.20833333333334,2.811861827875861
18.0,100.0,0.8150000000000001,Checks + score,6627,5777,850,145,0.8717368341632714,0.025099532629392417,0.02137030065288654,0.02945994524072175,21.88018711332428,103986.0,2021.9499999999998,20588.440000000002,37910.39,81375.61,194.07083333333333,3.1076008500578443
18.0,100.0,0.8200000000000001,Manual,6627,0,6627,0,0.0,,,,0.0,0.0,0.0,0.0,119286.0,0.0,1325.4,24.2
18.0,100.0,0.8200000000000001,Checks,6627,5858,769,159,0.8839595593783008,0.02714236940935473,0.023280788856429507,0.03162373125206336,23.99275690357628,105444.0,2050.2999999999997,22781.34,38673.64,80612.36,178.20833333333334,2.811861827875861
18.0,100.0,0.8200000000000001,Checks + score,6627,5773,854,144,0.871133242794628,0.02494370344708124,0.021225559684601276,0.02929367213923824,21.729289271163424,103914.0,2020.55,20452.5,37845.05,81440.95,194.85416666666666,3.1222052462149787
18.0,100.0,0.8250000000000001,Manual,6627,0,6627,0,0.0,,,,0.0,0.0,0.0,0.0,119286.0,0.0,1325.4,24.2
18.0,100.0,0.8250000000000001,Checks,6627,5858,769,159,0.8839595593783008,0.02714236940935473,0.023280788856429507,0.03162373125206336,23.99275690357628,105444.0,2050.2999999999997,22781.34,38673.64,80612.36,178.20833333333334,2.811861827875861
18.0,100.0,0.8250000000000001,Checks + score,6627,5764,863,142,0.8697751622151804,0.024635669673837613,0.02093926415382383,0.02896529633202585,21.42749358684171,103752.0,2017.3999999999999,20144.68,37696.08,81589.92,196.61666666666667,3.1550651375685326
18.0,100.0,0.8300000000000001,Manual,6627,0,6627,0,0.0,,,,0.0,0.0,0.0,0.0,119286.0,0.0,1325.4,24.2
18.0,100.0,0.8300000000000001,Checks,6627,5858,769,159,0.8839595593783008,0.02714236940935473,0.023280788856429507,0.03162373125206336,23.99275690357628,105444.0,2050.2999999999997,22781.34,38673.64,80612.36,178.20833333333334,2.811861827875861
18.0,100.0,0.8300000000000001,Checks + score,6627,5753,874,141,0.8681152859514109,0.024508951851208067,0.02081939397173556,0.028833109929014465,21.27659574468085,103554.0,2013.55,19960.92,37706.47,81579.53,198.77083333333334,3.195227227000654
18.0,100.0,0.8350000000000001,Manual,6627,0,6627,0,0.0,,,,0.0,0.0,0.0,0.0,119286.0,0.0,1325.4,24.2
18.0,100.0,0.8350000000000001,Checks,6627,5858,769,159,0.8839595593783008,0.02714236940935473,0.023280788856429507,0.03162373125206336,23.99275690357628,105444.0,2050.2999999999997,22781.34,38673.64,80612.36,178.20833333333334,2.811861827875861
18.0,100.0,0.8350000000000001,Checks + score,6627,5746,881,140,0.8670590010562849,0.024364775495997214,0.020684681172439507,0.02868043525094161,21.125697902519995,103428.0,2011.1,19777.16,37646.26,81639.73999999999,200.14166666666668,3.2207849202756402
18.0,100.0,0.8400000000000001,Manual,6627,0,6627,0,0.0,,,,0.0,0.0,0.0,0.0,119286.0,0.0,1325.4,24.2
18.0,100.0,0.8400000000000001,Checks,6627,5858,769,159,0.8839595593783008,0.02714236940935473,0.023280788856429507,0.03162373125206336,23.99275690357628,105444.0,2050.2999999999997,22781.34,38673.64,80612.36,178.20833333333334,2.811861827875861
18.0,100.0,0.8400000000000001,Checks + score,6627,5737,890,138,0.8657009204768372,0.024054383824298413,0.020396602765711022,0.02834914210904741,20.82390221819828,103266.0,2007.9499999999998,19556.809999999998,37584.76,81701.23999999999,201.90416666666667,3.2536448116291936
18.0,100.0,0.8450000000000001,Manual,6627,0,6627,0,0.0,,,,0.0,0.0,0.0,0.0,119286.0,0.0,1325.4,24.2
18.0,100.0,0.8450000000000001,Checks,6627,5858,769,159,0.8839595593783008,0.02714236940935473,0.023280788856429507,0.03162373125206336,23.99275690357628,105444.0,2050.2999999999997,22781.34,38673.64,80612.36,178.20833333333334,2.811861827875861
18.0,100.0,0.8450000000000001,Checks + score,6627,5726,901,137,0.8640410442130677,0.023925951798812434,0.020275333518797057,0.028214942372948363,20.673004376037422,103068.0,2004.1,19446.47,37668.56999999999,81617.43000000001,204.05833333333334,3.293806901061315
18.0,100.0,0.8500000000000001,Manual,6627,0,6627,0,0.0,,,,0.0,0.0,0.0,0.0,119286.0,0.0,1325.4,24.2
18.0,100.0,0.8500000000000001,Checks,6627,5858,769,159,0.8839595593783008,0.02714236940935473,0.023280788856429507,0.03162373125206336,23.99275690357628,105444.0,2050.2999999999997,22781.34,38673.64,80612.36,178.20833333333334,2.811861827875861
18.0,100.0,0.8500000000000001,Checks + score,6627,5716,911,136,0.8625320657914591,0.023792862141357594,0.020150119062553574,0.028075272353880056,20.522106533876567,102888.0,2000.6,19262.71,37661.31,81624.69,206.01666666666668,3.3303178914541522
18.0,100.0,0.8550000000000001,Manual,6627,0,6627,0,0.0,,,,0.0,0.0,0.0,0.0,119286.0,0.0,1325.4,24.2
18.0,100.0,0.8550000000000001,Checks,6627,5858,769,159,0.8839595593783008,0.02714236940935473,0.023280788856429507,0.03162373125206336,23.99275690357628,105444.0,2050.2999999999997,22781.34,38673.64,80612.36,178.20833333333334,2.811861827875861
18.0,100.0,0.8550000000000001,Checks + score,6627,5703,924,135,0.8605703938433681,0.02367175170962651,0.020035071597526283,0.02794971914907513,20.371208691715708,102654.0,1996.05,19078.949999999997,37707.0,81579.0,208.5625,3.377782178964841
18.0,100.0,0.8600000000000001,Manual,6627,0,6627,0,0.0,,,,0.0,0.0,0.0,0.0,119286.0,0.0,1325.4,24.2
18.0,100.0,0.8600000000000001,Checks,6627,5858,769,159,0.8839595593783008,0.02714236940935473,0.023280788856429507,0.03162373125206336,23.99275690357628,105444.0,2050.2999999999997,22781.34,38673.64,80612.36,178.20833333333334,2.811861827875861
18.0,100.0,0.8600000000000001,Checks + score,6627,5687,940,131,0.8581560283687943,0.023034992087216457,0.01944605414835017,0.02726788004373839,19.76761732307228,102366.0,1990.4499999999998,18453.64,37364.09,81921.91,211.69583333333333,3.4361997635933808
18.0,100.0,0.8650000000000001,Manual,6627,0,6627,0,0.0,,,,0.0,0.0,0.0,0.0,119286.0,0.0,1325.4,24.2
18.0,100.0,0.8650000000000001,Checks,6627,5858,769,159,0.8839595593783008,0.02714236940935473,0.023280788856429507,0.03162373125206336,23.99275690357628,105444.0,2050.2999999999997,22781.34,38673.64,80612.36,178.20833333333334,2.811861827875861
18.0,100.0,0.8650000000000001,Checks + score,6627,5662,965,127,0.8543835823147728,0.022430236665489225,0.018884668399166034,0.026623416401510364,19.16402595442885,101916.0,1981.6999999999998,17963.620000000003,37315.32,81970.68,216.59166666666667,3.5274772395754743
18.0,100.0,0.8700000000000001,Manual,6627,0,6627,0,0.0,,,,0.0,0.0,0.0,0.0,119286.0,0.0,1325.4,24.2
18.0,100.0,0.8700000000000001,Checks,6627,5858,769,159,0.8839595593783008,0.02714236940935473,0.023280788856429507,0.03162373125206336,23.99275690357628,105444.0,2050.2999999999997,22781.34,38673.64,80612.36,178.20833333333334,2.811861827875861
18.0,100.0,0.8700000000000001,Checks + score,6627,5641,986,124,0.8512147276293949,0.021981918099627726,0.018468380720237786,0.026146086406705155,18.71133242794628,101538.0,1974.35,17625.300000000003,37347.649999999994,81938.35,220.70416666666668,3.6041503194004325
18.0,100.0,0.8750000000000001,Manual,6627,0,6627,0,0.0,,,,0.0,0.0,0.0,0.0,119286.0,0.0,1325.4,24.2
18.0,100.0,0.8750000000000001,Checks,6627,5858,769,159,0.8839595593783008,0.02714236940935473,0.023280788856429507,0.03162373125206336,23.99275690357628,105444.0,2050.2999999999997,22781.34,38673.64,80612.36,178.20833333333334,2.811861827875861
18.0,100.0,0.8750000000000001,Checks + score,6627,5624,1003,123,0.8486494643126603,0.021870554765291608,0.018361698421676585,0.026032159429617605,18.560434585785423,101232.0,1968.3999999999999,17441.54,37463.94,81822.06,224.03333333333333,3.666219003068256
18.0,100.0,0.8800000000000001,Manual,6627,0,6627,0,0.0,,,,0.0,0.0,0.0,0.0,119286.0,0.0,1325.4,24.2
18.0,100.0,0.8800000000000001,Checks,6627,5858,769,159,0.8839595593783008,0.02714236940935473,0.023280788856429507,0.03162373125206336,23.99275690357628,105444.0,2050.2999999999997,22781.34,38673.64,80612.36,178.20833333333334,2.811861827875861
18.0,100.0,0.8800000000000001,Checks + score,6627,5605,1022,121,0.8457824053116041,0.021587867975022303,0.01809793664949092,0.025733146046800597,18.25863890146371,100890.0,1961.7499999999998,17159.32,37517.07,81768.93,227.75416666666666,3.735589884814647
18.0,100.0,0.8850000000000001,Manual,6627,0,6627,0,0.0,,,,0.0,0.0,0.0,0.0,119286.0,0.0,1325.4,24.2
18.0,100.0,0.8850000000000001,Checks,6627,5858,769,159,0.8839595593783008,0.02714236940935473,0.023280788856429507,0.03162373125206336,23.99275690357628,105444.0,2050.2999999999997,22781.34,38673.64,80612.36,178.20833333333334,2.811861827875861
18.0,100.0,0.8850000000000001,Checks + score,6627,5582,1045,116,0.8423117549419044,0.020781082049444642,0.017355186765568353,0.02486613222063419,17.504149690659425,100476.0,1953.6999999999998,16453.52,37217.22,82068.78,232.25833333333333,3.8195651627181735
18.0,100.0,0.8900000000000001,Manual,6627,0,6627,0,0.0,,,,0.0,0.0,0.0,0.0,119286.0,0.0,1325.4,24.2
18.0,100.0,0.8900000000000001,Checks,6627,5858,769,159,0.8839595593783008,0.02714236940935473,0.023280788856429507,0.03162373125206336,23.99275690357628,105444.0,2050.2999999999997,22781.34,38673.64,80612.36,178.20833333333334,2.811861827875861
18.0,100.0,0.8900000000000001,Checks + score,6627,5551,1076,112,0.8376339218349178,0.0201765447667087,0.016795939666459748,0.024220819479291594,16.900558322015996,99918.0,1942.85,15925.68,37236.53,82049.47,238.32916666666668,3.932749232935969
18.0,100.0,0.8950000000000001,Manual,6627,0,6627,0,0.0,,,,0.0,0.0,0.0,0.0,119286.0,0.0,1325.4,24.2
18.0,100.0,0.8950000000000001,Checks,6627,5858,769,159,0.8839595593783008,0.02714236940935473,0.023280788856429507,0.03162373125206336,23.99275690357628,105444.0,2050.2999999999997,22781.34,38673.64,80612.36,178.20833333333334,2.811861827875861
18.0,100.0,0.8950000000000001,Checks + score,6627,5534,1093,110,0.8350686585181832,0.019877123238164075,0.016518896466457718,0.023901472364604548,16.598762637694282,99612.0,1936.8999999999999,15570.039999999999,37180.94,82105.06,241.65833333333333,3.9948179166037927
18.0,100.0,0.9000000000000001,Manual,6627,0,6627,0,0.0,,,,0.0,0.0,0.0,0.0,119286.0,0.0,1325.4,24.2
18.0,100.0,0.9000000000000001,Checks,6627,5858,769,159,0.8839595593783008,0.02714236940935473,0.023280788856429507,0.03162373125206336,23.99275690357628,105444.0,2050.2999999999997,22781.34,38673.64,80612.36,178.20833333333334,2.811861827875861
18.0,100.0,0.9000000000000001,Checks + score,6627,5512,1115,107,0.8317489059906443,0.019412191582002903,0.016090468700030117,0.02340334127449852,16.14606911121171,99216.0,1929.1999999999998,15092.18,37091.380000000005,82194.62,245.96666666666667,4.075142095468035
18.0,100.0,0.9050000000000001,Manual,6627,0,6627,0,0.0,,,,0.0,0.0,0.0,0.0,119286.0,0.0,1325.4,24.2
18.0,100.0,0.9050000000000001,Checks,6627,5858,769,159,0.8839595593783008,0.02714236940935473,0.023280788856429507,0.03162373125206336,23.99275690357628,105444.0,2050.2999999999997,22781.34,38673.64,80612.36,178.20833333333334,2.811861827875861
18.0,100.0,0.9050000000000001,Checks + score,6627,5488,1139,101,0.8281273577787838,0.018403790087463557,0.015169928434003768,0.022311414800659082,15.240682058246566,98784.0,1920.8,14176.69,36599.490000000005,82686.51,250.66666666666666,4.1627684724108445
18.0,100.0,0.9100000000000001,Manual,6627,0,6627,0,0.0,,,,0.0,0.0,0.0,0.0,119286.0,0.0,1325.4,24.2
18.0,100.0,0.9100000000000001,Checks,6627,5858,769,159,0.8839595593783008,0.02714236940935473,0.023280788856429507,0.03162373125206336,23.99275690357628,105444.0,2050.2999999999997,22781.34,38673.64,80612.36,178.20833333333334,2.811861827875861
18.0,100.0,0.9100000000000001,Checks + score,6627,5452,1175,92,0.8226950354609929,0.016874541452677916,0.013780042630554207,0.020649402681787707,13.882601478798852,98136.0,1908.1999999999998,12777.92,35836.12,83449.88,257.71666666666664,4.294208037825059
18.0,100.0,0.9150000000000001,Manual,6627,0,6627,0,0.0,,,,0.0,0.0,0.0,0.0,119286.0,0.0,1325.4,24.2
18.0,100.0,0.9150000000000001,Checks,6627,5858,769,159,0.8839595593783008,0.02714236940935473,0.023280788856429507,0.03162373125206336,23.99275690357628,105444.0,2050.2999999999997,22781.34,38673.64,80612.36,178.20833333333334,2.811861827875861
18.0,100.0,0.9150000000000001,Checks + score,6627,5415,1212,85,0.8171118153010412,0.01569713758079409,0.012713100176170378,0.019367852328512538,12.826316583672854,97470.0,1895.2499999999998,11874.330000000002,35585.58,83700.42,264.9625,4.429298702278557
18.0,100.0,0.9200000000000002,Manual,6627,0,6627,0,0.0,,,,0.0,0.0,0.0,0.0,119286.0,0.0,1325.4,24.2
18.0,100.0,0.9200000000000002,Checks,6627,5858,769,159,0.8839595593783008,0.02714236940935473,0.023280788856429507,0.03162373125206336,23.99275690357628,105444.0,2050.2999999999997,22781.34,38673.64,80612.36,178.20833333333334,2.811861827875861
18.0,100.0,0.9200000000000002,Checks + score,6627,5386,1241,79,0.8127357778783764,0.014667656888228742,0.011785471008878267,0.01824168229373456,11.920929530707712,96948.0,1885.1,11114.64,35337.740000000005,83948.26,270.64166666666665,4.535180574417786
18.0,100.0,0.9250000000000002,Manual,6627,0,6627,0,0.0,,,,0.0,0.0,0.0,0.0,119286.0,0.0,1325.4,24.2
18.0,100.0,0.9250000000000002,Checks,6627,5858,769,159,0.8839595593783008,0.02714236940935473,0.023280788856429507,0.03162373125206336,23.99275690357628,105444.0,2050.2999999999997,22781.34,38673.64,80612.36,178.20833333333334,2.811861827875861
18.0,100.0,0.9250000000000002,Checks + score,6627,5350,1277,77,0.8073034555605855,0.014392523364485982,0.011531605072402532,0.017950328050161272,11.619133846385997,96300.0,1872.4999999999998,10844.64,35703.14,83582.86,277.69166666666666,4.666620139832
18.0,100.0,0.9300000000000002,Manual,6627,0,6627,0,0.0,,,,0.0,0.0,0.0,0.0,119286.0,0.0,1325.4,24.2
18.0,100.0,0.9300000000000002,Checks,6627,5858,769,159,0.8839595593783008,0.02714236940935473,0.023280788856429507,0.03162373125206336,23.99275690357628,105444.0,2050.2999999999997,22781.34,38673.64,80612.36,178.20833333333334,2.811861827875861
18.0,100.0,0.9300000000000002,Checks + score,6627,5323,1304,74,0.8032292138222423,0.013901934999060681,0.01108875287653712,0.017416243404936693,11.166440319903426,95814.0,1863.05,10414.98,35750.03,83535.97,282.9791666666667,4.765199813892661
18.0,100.0,0.9350000000000002,Manual,6627,0,6627,0,0.0,,,,0.0,0.0,0.0,0.0,119286.0,0.0,1325.4,24.2
18.0,100.0,0.9350000000000002,Checks,6627,5858,769,159,0.8839595593783008,0.02714236940935473,0.023280788856429507,0.03162373125206336,23.99275690357628,105444.0,2050.2999999999997,22781.34,38673.64,80612.36,178.20833333333334,2.811861827875861
18.0,100.0,0.9350000000000002,Checks + score,6627,5283,1344,70,0.797193300135808,0.013250047321597578,0.010501243438891653,0.01670622954460004,10.562848951259998,95094.0,1849.05,9782.09,35823.14,83462.86,290.8125,4.911243775464011
18.0,100.0,0.9400000000000002,Manual,6627,0,6627,0,0.0,,,,0.0,0.0,0.0,0.0,119286.0,0.0,1325.4,24.2
18.0,100.0,0.9400000000000002,Checks,6627,5858,769,159,0.8839595593783008,0.02714236940935473,0.023280788856429507,0.03162373125206336,23.99275690357628,105444.0,2050.2999999999997,22781.34,38673.64,80612.36,178.20833333333334,2.811861827875861
18.0,100.0,0.9400000000000002,Checks + score,6627,5243,1384,66,0.7911573864493737,0.012588212855235552,0.009907305272388806,0.015982860727667303,9.95925758261657,94374.0,1835.05,9242.09,35989.14,83296.86,298.6458333333333,5.0572877370353595
18.0,100.0,0.9450000000000002,Manual,6627,0,6627,0,0.0,,,,0.0,0.0,0.0,0.0,119286.0,0.0,1325.4,24.2
18.0,100.0,0.9450000000000002,Checks,6627,5858,769,159,0.8839595593783008,0.02714236940935473,0.023280788856429507,0.03162373125206336,23.99275690357628,105444.0,2050.2999999999997,22781.34,38673.64,80612.36,178.20833333333334,2.811861827875861
18.0,100.0,0.9450000000000002,Checks + score,6627,5207,1420,64,0.7857250641315829,0.012291146533512579,0.009637508078914411,0.01566389428956288,9.657461898294855,93726.0,1822.4499999999998,8972.09,36354.54000000001,82931.45999999999,305.6958333333333,5.188727302449575
18.0,100.0,0.9500000000000002,Manual,6627,0,6627,0,0.0,,,,0.0,0.0,0.0,0.0,119286.0,0.0,1325.4,24.2
18.0,100.0,0.9500000000000002,Checks,6627,5858,769,159,0.8839595593783008,0.02714236940935473,0.023280788856429507,0.03162373125206336,23.99275690357628,105444.0,2050.2999999999997,22781.34,38673.64,80612.36,178.20833333333334,2.811861827875861
18.0,100.0,0.9500000000000002,Checks + score,6627,5170,1457,59,0.7801418439716312,0.011411992263056094,0.008857861063147038,0.0146916809251504,8.90297268749057,93060.0,1809.4999999999998,8377.150000000001,36412.65,82873.35,312.94166666666666,5.323817966903073
18.0,100.0,0.9550000000000002,Manual,6627,0,6627,0,0.0,,,,0.0,0.0,0.0,0.0,119286.0,0.0,1325.4,24.2
18.0,100.0,0.9550000000000002,Checks,6627,5858,769,159,0.8839595593783008,0.02714236940935473,0.023280788856429507,0.03162373125206336,23.99275690357628,105444.0,2050.2999999999997,22781.34,38673.64,80612.36,178.20833333333334,2.811861827875861
18.0,100.0,0.9550000000000002,Checks + score,6627,5123,1504,59,0.7730496453900709,0.011516689439781378,0.00893921830467818,0.014826212638224364,8.90297268749057,92214.0,1793.05,8377.150000000001,37242.2,82043.8,322.1458333333333,5.4954196217494085
18.0,100.0,0.9600000000000002,Manual,6627,0,6627,0,0.0,,,,0.0,0.0,0.0,0.0,119286.0,0.0,1325.4,24.2
18.0,100.0,0.9600000000000002,Checks,6627,5858,769,159,0.8839595593783008,0.02714236940935473,0.023280788856429507,0.03162373125206336,23.99275690357628,105444.0,2050.2999999999997,22781.34,38673.64,80612.36,178.20833333333334,2.811861827875861
18.0,100.0,0.9600000000000002,Checks + score,6627,5045,1582,54,0.7612796137015241,0.010703666997026759,0.008213149869281452,0.01393878296220211,8.148483476686284,90810.0,1765.75,7641.17,37882.920000000006,81403.07999999999,337.42083333333335,5.780205346813541
18.0,100.0,0.9650000000000002,Manual,6627,0,6627,0,0.0,,,,0.0,0.0,0.0,0.0,119286.0,0.0,1325.4,24.2
18.0,100.0,0.9650000000000002,Checks,6627,5858,769,159,0.8839595593783008,0.02714236940935473,0.023280788856429507,0.03162373125206336,23.99275690357628,105444.0,2050.2999999999997,22781.34,38673.64,80612.36,178.20833333333334,2.811861827875861
18.0,100.0,0.9650000000000002,Checks + score,6627,4938,1689,48,0.7451335445903123,0.009720534629404616,0.0073397435403957465,0.012863574995754827,7.24309642372114,88884.0,1728.3,6867.38,38997.67999999999,80288.32,358.375,6.1708729440168995
18.0,100.0,0.9700000000000002,Manual,6627,0,6627,0,0.0,,,,0.0,0.0,0.0,0.0,119286.0,0.0,1325.4,24.2
18.0,100.0,0.9700000000000002,Checks,6627,5858,769,159,0.8839595593783008,0.02714236940935473,0.023280788856429507,0.03162373125206336,23.99275690357628,105444.0,2050.2999999999997,22781.34,38673.64,80612.36,178.20833333333334,2.811861827875861
18.0,100.0,0.9700000000000002,Checks + score,6627,4747,1880,45,0.7163120567375887,0.009479671371392459,0.007092420282645978,0.012660206283560734,6.790402897238569,85446.0,1661.4499999999998,6477.53,41978.98,77307.01999999999,395.77916666666664,6.868232860520095
18.0,100.0,0.9750000000000002,Manual,6627,0,6627,0,0.0,,,,0.0,0.0,0.0,0.0,119286.0,0.0,1325.4,24.2
18.0,100.0,0.9750000000000002,Checks,6627,5858,769,159,0.8839595593783008,0.02714236940935473,0.023280788856429507,0.03162373125206336,23.99275690357628,105444.0,2050.2999999999997,22781.34,38673.64,80612.36,178.20833333333334,2.811861827875861
18.0,100.0,0.9750000000000002,Checks + score,6627,4406,2221,41,0.6648558925607364,0.009305492510213346,0.0068670017703016464,0.01259891283307096,6.1868115285951415,79308.0,1542.1,5846.09,47366.189999999995,71919.81,462.55833333333334,8.113257632915849
18.0,100.0,0.9800000000000002,Manual,6627,0,6627,0,0.0,,,,0.0,0.0,0.0,0.0,119286.0,0.0,1325.4,24.2
18.0,100.0,0.9800000000000002,Checks,6627,5858,769,159,0.8839595593783008,0.02714236940935473,0.023280788856429507,0.03162373125206336,23.99275690357628,105444.0,2050.2999999999997,22781.34,38673.64,80612.36,178.20833333333334,2.811861827875861
18.0,100.0,0.9800000000000002,Checks + score,6627,3798,2829,36,0.5731100045269353,0.009478672985781991,0.006854599203619891,0.01309404884105404,5.432322317790856,68364.0,1329.3,5221.63,57472.93,61813.07,581.625,10.333125848800362
18.0,100.0,0.9850000000000002,Manual,6627,0,6627,0,0.0,,,,0.0,0.0,0.0,0.0,119286.0,0.0,1325.4,24.2
18.0,100.0,0.9850000000000002,Checks,6627,5858,769,159,0.8839595593783008,0.02714236940935473,0.023280788856429507,0.03162373125206336,23.99275690357628,105444.0,2050.2999999999997,22781.34,38673.64,80612.36,178.20833333333334,2.811861827875861
18.0,100.0,0.9850000000000002,Checks + score,6627,2521,4106,23,0.38041346008752075,0.009123363744545815,0.006087046570257206,0.01365343932794726,3.470650369699713,45378.0,882.3499999999999,3256.5299999999997,78046.87999999999,41239.12000000001,831.7041666666667,14.995579321965696
18.0,100.0,0.9900000000000002,Manual,6627,0,6627,0,0.0,,,,0.0,0.0,0.0,0.0,119286.0,0.0,1325.4,24.2
18.0,100.0,0.9900000000000002,Checks,6627,5858,769,159,0.8839595593783008,0.02714236940935473,0.023280788856429507,0.03162373125206336,23.99275690357628,105444.0,2050.2999999999997,22781.34,38673.64,80612.36,178.20833333333334,2.811861827875861
18.0,100.0,0.9900000000000002,Checks + score,6627,610,6017,5,0.09204768371812283,0.00819672131147541,0.003506033552696567,0.0190431061602196,0.7544892108042855,10980.0,213.5,699.7099999999999,109219.20999999999,10066.790000000008,1205.9416666666666,21.972829586036916
18.0,100.0,0.9950000000000002,Manual,6627,0,6627,0,0.0,,,,0.0,0.0,0.0,0.0,119286.0,0.0,1325.4,24.2
18.0,100.0,0.9950000000000002,Checks,6627,5858,769,159,0.8839595593783008,0.02714236940935473,0.023280788856429507,0.03162373125206336,23.99275690357628,105444.0,2050.2999999999997,22781.34,38673.64,80612.36,178.20833333333334,2.811861827875861
18.0,100.0,0.9950000000000002,Checks + score,6627,1,6626,0,0.0001508978421608571,0.0,0.0,0.7934567085261071,0.0,18.0,0.35,0.0,119268.35,17.64999999999418,1325.2041666666667,24.196348900960714
18.0,100.0,1.0,Manual,6627,0,6627,0,0.0,,,,0.0,0.0,0.0,0.0,119286.0,0.0,1325.4,24.2
18.0,100.0,1.0,Checks,6627,5858,769,159,0.8839595593783008,0.02714236940935473,0.023280788856429507,0.03162373125206336,23.99275690357628,105444.0,2050.2999999999997,22781.34,38673.64,80612.36,178.20833333333334,2.811861827875861
18.0,100.0,1.0,Checks + score,6627,0,6627,0,0.0,,,,0.0,0.0,0.0,0.0,119286.0,0.0,1325.4,24.2
18.0,250.0,0.8,Manual,6627,0,6627,0,0.0,,,,0.0,0.0,0.0,0.0,119286.0,0.0,1325.4,24.2
18.0,250.0,0.8,Checks,6627,5858,769,159,0.8839595593783008,0.02714236940935473,0.023280788856429507,0.03162373125206336,23.99275690357628,105444.0,2050.2999999999997,46631.34,62523.64000000002,56762.35999999998,178.20833333333334,2.811861827875861
18.0,250.0,0.8,Checks + score,6627,5795,832,146,0.8744529953221669,0.025194132873166523,0.02146282204151792,0.029554539770882675,22.031084955485138,104310.0,2028.2499999999998,42598.45,59602.700000000026,59683.299999999974,190.54583333333332,3.041881067350736
18.0,250.0,0.805,Manual,6627,0,6627,0,0.0,,,,0.0,0.0,0.0,0.0,119286.0,0.0,1325.4,24.2
18.0,250.0,0.805,Checks,6627,5858,769,159,0.8839595593783008,0.02714236940935473,0.023280788856429507,0.03162373125206336,23.99275690357628,105444.0,2050.2999999999997,46631.34,62523.64000000002,56762.35999999998,178.20833333333334,2.811861827875861
18.0,250.0,0.805,Checks + score,6627,5792,835,146,0.8740003017956843,0.02520718232044199,0.021473958379143225,0.02956981065691877,22.031084955485138,104256.0,2027.1999999999998,42598.45,59655.65000000002,59630.34999999998,191.13333333333333,3.0528343644685885
18.0,250.0,0.81,Manual,6627,0,6627,0,0.0,,,,0.0,0.0,0.0,0.0,119286.0,0.0,1325.4,24.2
18.0,250.0,0.81,Checks,6627,5858,769,159,0.8839595593783008,0.02714236940935473,0.023280788856429507,0.03162373125206336,23.99275690357628,105444.0,2050.2999999999997,46631.34,62523.64000000002,56762.35999999998,178.20833333333334,2.811861827875861
18.0,250.0,0.81,Checks + score,6627,5786,841,145,0.8730949147427192,0.02506049083995852,0.021337001341170954,0.02941423164592838,21.88018711332428,104148.0,2025.1,42338.44,59501.54000000002,59784.45999999998,192.30833333333334,3.074740958704291
18.0,250.0,0.8150000000000001,Manual,6627,0,6627,0,0.0,,,,0.0,0.0,0.0,0.0,119286.0,0.0,1325.4,24.2
18.0,250.0,0.8150000000000001,Checks,6627,5858,769,159,0.8839595593783008,0.02714236940935473,0.023280788856429507,0.03162373125206336,23.99275690357628,105444.0,2050.2999999999997,46631.34,62523.64000000002,56762.35999999998,178.20833333333334,2.811861827875861
18.0,250.0,0.8150000000000001,Checks + score,6627,5777,850,145,0.8717368341632714,0.025099532629392417,0.02137030065288654,0.02945994524072175,21.88018711332428,103986.0,2021.9499999999998,42338.44,59660.39000000003,59625.60999999997,194.07083333333333,3.1076008500578443
18.0,250.0,0.8200000000000001,Manual,6627,0,6627,0,0.0,,,,0.0,0.0,0.0,0.0,119286.0,0.0,1325.4,24.2
18.0,250.0,0.8200000000000001,Checks,6627,5858,769,159,0.8839595593783008,0.02714236940935473,0.023280788856429507,0.03162373125206336,23.99275690357628,105444.0,2050.2999999999997,46631.34,62523.64000000002,56762.35999999998,178.20833333333334,2.811861827875861
18.0,250.0,0.8200000000000001,Checks + score,6627,5773,854,144,0.871133242794628,0.02494370344708124,0.021225559684601276,0.02929367213923824,21.729289271163424,103914.0,2020.55,42052.5,59445.05000000002,59840.94999999998,194.85416666666666,3.1222052462149787
18.0,250.0,0.8250000000000001,Manual,6627,0,6627,0,0.0,,,,0.0,0.0,0.0,0.0,119286.0,0.0,1325.4,24.2
18.0,250.0,0.8250000000000001,Checks,6627,5858,769,159,0.8839595593783008,0.02714236940935473,0.023280788856429507,0.03162373125206336,23.99275690357628,105444.0,2050.2999999999997,46631.34,62523.64000000002,56762.35999999998,178.20833333333334,2.811861827875861
18.0,250.0,0.8250000000000001,Checks + score,6627,5764,863,142,0.8697751622151804,0.024635669673837613,0.02093926415382383,0.02896529633202585,21.42749358684171,103752.0,2017.3999999999999,41444.67999999999,58996.08000000002,60289.91999999998,196.61666666666667,3.1550651375685326
18.0,250.0,0.8300000000000001,Manual,6627,0,6627,0,0.0,,,,0.0,0.0,0.0,0.0,119286.0,0.0,1325.4,24.2
18.0,250.0,0.8300000000000001,Checks,6627,5858,769,159,0.8839595593783008,0.02714236940935473,0.023280788856429507,0.03162373125206336,23.99275690357628,105444.0,2050.2999999999997,46631.34,62523.64000000002,56762.35999999998,178.20833333333334,2.811861827875861
18.0,250.0,0.8300000000000001,Checks + score,6627,5753,874,141,0.8681152859514109,0.024508951851208067,0.02081939397173556,0.028833109929014465,21.27659574468085,103554.0,2013.55,41110.92,58856.470000000016,60429.529999999984,198.77083333333334,3.195227227000654
18.0,250.0,0.8350000000000001,Manual,6627,0,6627,0,0.0,,,,0.0,0.0,0.0,0.0,119286.0,0.0,1325.4,24.2
18.0,250.0,0.8350000000000001,Checks,6627,5858,769,159,0.8839595593783008,0.02714236940935473,0.023280788856429507,0.03162373125206336,23.99275690357628,105444.0,2050.2999999999997,46631.34,62523.64000000002,56762.35999999998,178.20833333333334,2.811861827875861
18.0,250.0,0.8350000000000001,Checks + score,6627,5746,881,140,0.8670590010562849,0.024364775495997214,0.020684681172439507,0.02868043525094161,21.125697902519995,103428.0,2011.1,40777.16,58646.260000000024,60639.739999999976,200.14166666666668,3.2207849202756402
18.0,250.0,0.8400000000000001,Manual,6627,0,6627,0,0.0,,,,0.0,0.0,0.0,0.0,119286.0,0.0,1325.4,24.2
18.0,250.0,0.8400000000000001,Checks,6627,5858,769,159,0.8839595593783008,0.02714236940935473,0.023280788856429507,0.03162373125206336,23.99275690357628,105444.0,2050.2999999999997,46631.34,62523.64000000002,56762.35999999998,178.20833333333334,2.811861827875861
18.0,250.0,0.8400000000000001,Checks + score,6627,5737,890,138,0.8657009204768372,0.024054383824298413,0.020396602765711022,0.02834914210904741,20.82390221819828,103266.0,2007.9499999999998,40256.81,58284.760000000024,61001.239999999976,201.90416666666667,3.2536448116291936
18.0,250.0,0.8450000000000001,Manual,6627,0,6627,0,0.0,,,,0.0,0.0,0.0,0.0,119286.0,0.0,1325.4,24.2
18.0,250.0,0.8450000000000001,Checks,6627,5858,769,159,0.8839595593783008,0.02714236940935473,0.023280788856429507,0.03162373125206336,23.99275690357628,105444.0,2050.2999999999997,46631.34,62523.64000000002,56762.35999999998,178.20833333333334,2.811861827875861
18.0,250.0,0.8450000000000001,Checks + score,6627,5726,901,137,0.8640410442130677,0.023925951798812434,0.020275333518797057,0.028214942372948363,20.673004376037422,103068.0,2004.1,39996.47,58218.57000000002,61067.42999999998,204.05833333333334,3.293806901061315
18.0,250.0,0.8500000000000001,Manual,6627,0,6627,0,0.0,,,,0.0,0.0,0.0,0.0,119286.0,0.0,1325.4,24.2
18.0,250.0,0.8500000000000001,Checks,6627,5858,769,159,0.8839595593783008,0.02714236940935473,0.023280788856429507,0.03162373125206336,23.99275690357628,105444.0,2050.2999999999997,46631.34,62523.64000000002,56762.35999999998,178.20833333333334,2.811861827875861
18.0,250.0,0.8500000000000001,Checks + score,6627,5716,911,136,0.8625320657914591,0.023792862141357594,0.020150119062553574,0.028075272353880056,20.522106533876567,102888.0,2000.6,39662.71,58061.31000000002,61224.68999999998,206.01666666666668,3.3303178914541522
18.0,250.0,0.8550000000000001,Manual,6627,0,6627,0,0.0,,,,0.0,0.0,0.0,0.0,119286.0,0.0,1325.4,24.2
18.0,250.0,0.8550000000000001,Checks,6627,5858,769,159,0.8839595593783008,0.02714236940935473,0.023280788856429507,0.03162373125206336,23.99275690357628,105444.0,2050.2999999999997,46631.34,62523.64000000002,56762.35999999998,178.20833333333334,2.811861827875861
18.0,250.0,0.8550000000000001,Checks + score,6627,5703,924,135,0.8605703938433681,0.02367175170962651,0.020035071597526283,0.02794971914907513,20.371208691715708,102654.0,1996.05,39328.95,57957.00000000002,61328.99999999998,208.5625,3.377782178964841
18.0,250.0,0.8600000000000001,Manual,6627,0,6627,0,0.0,,,,0.0,0.0,0.0,0.0,119286.0,0.0,1325.4,24.2
18.0,250.0,0.8600000000000001,Checks,6627,5858,769,159,0.8839595593783008,0.02714236940935473,0.023280788856429507,0.03162373125206336,23.99275690357628,105444.0,2050.2999999999997,46631.34,62523.64000000002,56762.35999999998,178.20833333333334,2.811861827875861
18.0,250.0,0.8600000000000001,Checks + score,6627,5687,940,131,0.8581560283687943,0.023034992087216457,0.01944605414835017,0.02726788004373839,19.76761732307228,102366.0,1990.4499999999998,38103.64,57014.09000000002,62271.90999999998,211.69583333333333,3.4361997635933808
18.0,250.0,0.8650000000000001,Manual,6627,0,6627,0,0.0,,,,0.0,0.0,0.0,0.0,119286.0,0.0,1325.4,24.2
18.0,250.0,0.8650000000000001,Checks,6627,5858,769,159,0.8839595593783008,0.02714236940935473,0.023280788856429507,0.03162373125206336,23.99275690357628,105444.0,2050.2999999999997,46631.34,62523.64000000002,56762.35999999998,178.20833333333334,2.811861827875861
18.0,250.0,0.8650000000000001,Checks + score,6627,5662,965,127,0.8543835823147728,0.022430236665489225,0.018884668399166034,0.026623416401510364,19.16402595442885,101916.0,1981.6999999999998,37013.619999999995,56365.32000000002,62920.67999999998,216.59166666666667,3.5274772395754743
18.0,250.0,0.8700000000000001,Manual,6627,0,6627,0,0.0,,,,0.0,0.0,0.0,0.0,119286.0,0.0,1325.4,24.2
18.0,250.0,0.8700000000000001,Checks,6627,5858,769,159,0.8839595593783008,0.02714236940935473,0.023280788856429507,0.03162373125206336,23.99275690357628,105444.0,2050.2999999999997,46631.34,62523.64000000002,56762.35999999998,178.20833333333334,2.811861827875861
18.0,250.0,0.8700000000000001,Checks + score,6627,5641,986,124,0.8512147276293949,0.021981918099627726,0.018468380720237786,0.026146086406705155,18.71133242794628,101538.0,1974.35,36225.3,55947.650000000016,63338.349999999984,220.70416666666668,3.6041503194004325
18.0,250.0,0.8750000000000001,Manual,6627,0,6627,0,0.0,,,,0.0,0.0,0.0,0.0,119286.0,0.0,1325.4,24.2
18.0,250.0,0.8750000000000001,Checks,6627,5858,769,159,0.8839595593783008,0.02714236940935473,0.023280788856429507,0.03162373125206336,23.99275690357628,105444.0,2050.2999999999997,46631.34,62523.64000000002,56762.35999999998,178.20833333333334,2.811861827875861
18.0,250.0,0.8750000000000001,Checks + score,6627,5624,1003,123,0.8486494643126603,0.021870554765291608,0.018361698421676585,0.026032159429617605,18.560434585785423,101232.0,1968.3999999999999,35891.53999999999,55913.94000000002,63372.05999999998,224.03333333333333,3.666219003068256
18.0,250.0,0.8800000000000001,Manual,6627,0,6627,0,0.0,,,,0.0,0.0,0.0,0.0,119286.0,0.0,1325.4,24.2
18.0,250.0,0.8800000000000001,Checks,6627,5858,769,159,0.8839595593783008,0.02714236940935473,0.023280788856429507,0.03162373125206336,23.99275690357628,105444.0,2050.2999999999997,46631.34,62523.64000000002,56762.35999999998,178.20833333333334,2.811861827875861
18.0,250.0,0.8800000000000001,Checks + score,6627,5605,1022,121,0.8457824053116041,0.021587867975022303,0.01809793664949092,0.025733146046800597,18.25863890146371,100890.0,1961.7499999999998,35309.32,55667.07000000002,63618.92999999998,227.75416666666666,3.735589884814647
18.0,250.0,0.8850000000000001,Manual,6627,0,6627,0,0.0,,,,0.0,0.0,0.0,0.0,119286.0,0.0,1325.4,24.2
18.0,250.0,0.8850000000000001,Checks,6627,5858,769,159,0.8839595593783008,0.02714236940935473,0.023280788856429507,0.03162373125206336,23.99275690357628,105444.0,2050.2999999999997,46631.34,62523.64000000002,56762.35999999998,178.20833333333334,2.811861827875861
18.0,250.0,0.8850000000000001,Checks + score,6627,5582,1045,116,0.8423117549419044,0.020781082049444642,0.017355186765568353,0.02486613222063419,17.504149690659425,100476.0,1953.6999999999998,33853.52,54617.220000000016,64668.779999999984,232.25833333333333,3.8195651627181735
18.0,250.0,0.8900000000000001,Manual,6627,0,6627,0,0.0,,,,0.0,0.0,0.0,0.0,119286.0,0.0,1325.4,24.2
18.0,250.0,0.8900000000000001,Checks,6627,5858,769,159,0.8839595593783008,0.02714236940935473,0.023280788856429507,0.03162373125206336,23.99275690357628,105444.0,2050.2999999999997,46631.34,62523.64000000002,56762.35999999998,178.20833333333334,2.811861827875861
18.0,250.0,0.8900000000000001,Checks + score,6627,5551,1076,112,0.8376339218349178,0.0201765447667087,0.016795939666459748,0.024220819479291594,16.900558322015996,99918.0,1942.85,32725.679999999997,54036.53000000001,65249.46999999999,238.32916666666668,3.932749232935969
18.0,250.0,0.8950000000000001,Manual,6627,0,6627,0,0.0,,,,0.0,0.0,0.0,0.0,119286.0,0.0,1325.4,24.2
18.0,250.0,0.8950000000000001,Checks,6627,5858,769,159,0.8839595593783008,0.02714236940935473,0.023280788856429507,0.03162373125206336,23.99275690357628,105444.0,2050.2999999999997,46631.34,62523.64000000002,56762.35999999998,178.20833333333334,2.811861827875861
18.0,250.0,0.8950000000000001,Checks + score,6627,5534,1093,110,0.8350686585181832,0.019877123238164075,0.016518896466457718,0.023901472364604548,16.598762637694282,99612.0,1936.8999999999999,32070.04,53680.94000000002,65605.05999999998,241.65833333333333,3.9948179166037927
18.0,250.0,0.9000000000000001,Manual,6627,0,6627,0,0.0,,,,0.0,0.0,0.0,0.0,119286.0,0.0,1325.4,24.2
18.0,250.0,0.9000000000000001,Checks,6627,5858,769,159,0.8839595593783008,0.02714236940935473,0.023280788856429507,0.03162373125206336,23.99275690357628,105444.0,2050.2999999999997,46631.34,62523.64000000002,56762.35999999998,178.20833333333334,2.811861827875861
18.0,250.0,0.9000000000000001,Checks + score,6627,5512,1115,107,0.8317489059906443,0.019412191582002903,0.016090468700030117,0.02340334127449852,16.14606911121171,99216.0,1929.1999999999998,31142.179999999997,53141.38000000001,66144.62,245.96666666666667,4.075142095468035
18.0,250.0,0.9050000000000001,Manual,6627,0,6627,0,0.0,,,,0.0,0.0,0.0,0.0,119286.0,0.0,1325.4,24.2
18.0,250.0,0.9050000000000001,Checks,6627,5858,769,159,0.8839595593783008,0.02714236940935473,0.023280788856429507,0.03162373125206336,23.99275690357628,105444.0,2050.2999999999997,46631.34,62523.64000000002,56762.35999999998,178.20833333333334,2.811861827875861
18.0,250.0,0.9050000000000001,Checks + score,6627,5488,1139,101,0.8281273577787838,0.018403790087463557,0.015169928434003768,0.022311414800659082,15.240682058246566,98784.0,1920.8,29326.689999999995,51749.49000000001,67536.50999999998,250.66666666666666,4.1627684724108445
18.0,250.0,0.9100000000000001,Manual,6627,0,6627,0,0.0,,,,0.0,0.0,0.0,0.0,119286.0,0.0,1325.4,24.2
18.0,250.0,0.9100000000000001,Checks,6627,5858,769,159,0.8839595593783008,0.02714236940935473,0.023280788856429507,0.03162373125206336,23.99275690357628,105444.0,2050.2999999999997,46631.34,62523.64000000002,56762.35999999998,178.20833333333334,2.811861827875861
18.0,250.0,0.9100000000000001,Checks + score,6627,5452,1175,92,0.8226950354609929,0.016874541452677916,0.013780042630554207,0.020649402681787707,13.882601478798852,98136.0,1908.1999999999998,26577.92,49636.12000000001,69649.87999999999,257.71666666666664,4.294208037825059
18.0,250.0,0.9150000000000001,Manual,6627,0,6627,0,0.0,,,,0.0,0.0,0.0,0.0,119286.0,0.0,1325.4,24.2
18.0,250.0,0.9150000000000001,Checks,6627,5858,769,159,0.8839595593783008,0.02714236940935473,0.023280788856429507,0.03162373125206336,23.99275690357628,105444.0,2050.2999999999997,46631.34,62523.64000000002,56762.35999999998,178.20833333333334,2.811861827875861
18.0,250.0,0.9150000000000001,Checks + score,6627,5415,1212,85,0.8171118153010412,0.01569713758079409,0.012713100176170378,0.019367852328512538,12.826316583672854,97470.0,1895.2499999999998,24624.329999999994,48335.580000000016,70950.41999999998,264.9625,4.429298702278557
18.0,250.0,0.9200000000000002,Manual,6627,0,6627,0,0.0,,,,0.0,0.0,0.0,0.0,119286.0,0.0,1325.4,24.2
18.0,250.0,0.9200000000000002,Checks,6627,5858,769,159,0.8839595593783008,0.02714236940935473,0.023280788856429507,0.03162373125206336,23.99275690357628,105444.0,2050.2999999999997,46631.34,62523.64000000002,56762.35999999998,178.20833333333334,2.811861827875861
18.0,250.0,0.9200000000000002,Checks + score,6627,5386,1241,79,0.8127357778783764,0.014667656888228742,0.011785471008878267,0.01824168229373456,11.920929530707712,96948.0,1885.1,22964.64,47187.740000000005,72098.26,270.64166666666665,4.535180574417786
18.0,250.0,0.9250000000000002,Manual,6627,0,6627,0,0.0,,,,0.0,0.0,0.0,0.0,119286.0,0.0,1325.4,24.2
18.0,250.0,0.9250000000000002,Checks,6627,5858,769,159,0.8839595593783008,0.02714236940935473,0.023280788856429507,0.03162373125206336,23.99275690357628,105444.0,2050.2999999999997,46631.34,62523.64000000002,56762.35999999998,178.20833333333334,2.811861827875861
18.0,250.0,0.9250000000000002,Checks + score,6627,5350,1277,77,0.8073034555605855,0.014392523364485982,0.011531605072402532,0.017950328050161272,11.619133846385997,96300.0,1872.4999999999998,22394.64,47253.140000000014,72032.85999999999,277.69166666666666,4.666620139832
18.0,250.0,0.9300000000000002,Manual,6627,0,6627,0,0.0,,,,0.0,0.0,0.0,0.0,119286.0,0.0,1325.4,24.2
18.0,250.0,0.9300000000000002,Checks,6627,5858,769,159,0.8839595593783008,0.02714236940935473,0.023280788856429507,0.03162373125206336,23.99275690357628,105444.0,2050.2999999999997,46631.34,62523.64000000002,56762.35999999998,178.20833333333334,2.811861827875861
18.0,250.0,0.9300000000000002,Checks + score,6627,5323,1304,74,0.8032292138222423,0.013901934999060681,0.01108875287653712,0.017416243404936693,11.166440319903426,95814.0,1863.05,21514.979999999996,46850.03000000001,72435.96999999999,282.9791666666667,4.765199813892661
18.0,250.0,0.9350000000000002,Manual,6627,0,6627,0,0.0,,,,0.0,0.0,0.0,0.0,119286.0,0.0,1325.4,24.2
18.0,250.0,0.9350000000000002,Checks,6627,5858,769,159,0.8839595593783008,0.02714236940935473,0.023280788856429507,0.03162373125206336,23.99275690357628,105444.0,2050.2999999999997,46631.34,62523.64000000002,56762.35999999998,178.20833333333334,2.811861827875861
18.0,250.0,0.9350000000000002,Checks + score,6627,5283,1344,70,0.797193300135808,0.013250047321597578,0.010501243438891653,0.01670622954460004,10.562848951259998,95094.0,1849.05,20282.089999999997,46323.14000000001,72962.85999999999,290.8125,4.911243775464011
18.0,250.0,0.9400000000000002,Manual,6627,0,6627,0,0.0,,,,0.0,0.0,0.0,0.0,119286.0,0.0,1325.4,24.2
18.0,250.0,0.9400000000000002,Checks,6627,5858,769,159,0.8839595593783008,0.02714236940935473,0.023280788856429507,0.03162373125206336,23.99275690357628,105444.0,2050.2999999999997,46631.34,62523.64000000002,56762.35999999998,178.20833333333334,2.811861827875861
18.0,250.0,0.9400000000000002,Checks + score,6627,5243,1384,66,0.7911573864493737,0.012588212855235552,0.009907305272388806,0.015982860727667303,9.95925758261657,94374.0,1835.05,19142.089999999997,45889.14000000001,73396.85999999999,298.6458333333333,5.0572877370353595
18.0,250.0,0.9450000000000002,Manual,6627,0,6627,0,0.0,,,,0.0,0.0,0.0,0.0,119286.0,0.0,1325.4,24.2
18.0,250.0,0.9450000000000002,Checks,6627,5858,769,159,0.8839595593783008,0.02714236940935473,0.023280788856429507,0.03162373125206336,23.99275690357628,105444.0,2050.2999999999997,46631.34,62523.64000000002,56762.35999999998,178.20833333333334,2.811861827875861
18.0,250.0,0.9450000000000002,Checks + score,6627,5207,1420,64,0.7857250641315829,0.012291146533512579,0.009637508078914411,0.01566389428956288,9.657461898294855,93726.0,1822.4499999999998,18572.089999999997,45954.54000000001,73331.45999999999,305.6958333333333,5.188727302449575
18.0,250.0,0.9500000000000002,Manual,6627,0,6627,0,0.0,,,,0.0,0.0,0.0,0.0,119286.0,0.0,1325.4,24.2
18.0,250.0,0.9500000000000002,Checks,6627,5858,769,159,0.8839595593783008,0.02714236940935473,0.023280788856429507,0.03162373125206336,23.99275690357628,105444.0,2050.2999999999997,46631.34,62523.64000000002,56762.35999999998,178.20833333333334,2.811861827875861
18.0,250.0,0.9500000000000002,Checks + score,6627,5170,1457,59,0.7801418439716312,0.011411992263056094,0.008857861063147038,0.0146916809251504,8.90297268749057,93060.0,1809.4999999999998,17227.149999999998,45262.65000000001,74023.34999999999,312.94166666666666,5.323817966903073
18.0,250.0,0.9550000000000002,Manual,6627,0,6627,0,0.0,,,,0.0,0.0,0.0,0.0,119286.0,0.0,1325.4,24.2
18.0,250.0,0.9550000000000002,Checks,6627,5858,769,159,0.8839595593783008,0.02714236940935473,0.023280788856429507,0.03162373125206336,23.99275690357628,105444.0,2050.2999999999997,46631.34,62523.64000000002,56762.35999999998,178.20833333333334,2.811861827875861
18.0,250.0,0.9550000000000002,Checks + score,6627,5123,1504,59,0.7730496453900709,0.011516689439781378,0.00893921830467818,0.014826212638224364,8.90297268749057,92214.0,1793.05,17227.149999999998,46092.20000000001,73193.79999999999,322.1458333333333,5.4954196217494085
18.0,250.0,0.9600000000000002,Manual,6627,0,6627,0,0.0,,,,0.0,0.0,0.0,0.0,119286.0,0.0,1325.4,24.2
18.0,250.0,0.9600000000000002,Checks,6627,5858,769,159,0.8839595593783008,0.02714236940935473,0.023280788856429507,0.03162373125206336,23.99275690357628,105444.0,2050.2999999999997,46631.34,62523.64000000002,56762.35999999998,178.20833333333334,2.811861827875861
18.0,250.0,0.9600000000000002,Checks + score,6627,5045,1582,54,0.7612796137015241,0.010703666997026759,0.008213149869281452,0.01393878296220211,8.148483476686284,90810.0,1765.75,15741.169999999998,45982.92000000001,73303.07999999999,337.42083333333335,5.780205346813541
18.0,250.0,0.9650000000000002,Manual,6627,0,6627,0,0.0,,,,0.0,0.0,0.0,0.0,119286.0,0.0,1325.4,24.2
18.0,250.0,0.9650000000000002,Checks,6627,5858,769,159,0.8839595593783008,0.02714236940935473,0.023280788856429507,0.03162373125206336,23.99275690357628,105444.0,2050.2999999999997,46631.34,62523.64000000002,56762.35999999998,178.20833333333334,2.811861827875861
18.0,250.0,0.9650000000000002,Checks + score,6627,4938,1689,48,0.7451335445903123,0.009720534629404616,0.0073397435403957465,0.012863574995754827,7.24309642372114,88884.0,1728.3,14067.38,46197.68000000001,73088.31999999999,358.375,6.1708729440168995
18.0,250.0,0.9700000000000002,Manual,6627,0,6627,0,0.0,,,,0.0,0.0,0.0,0.0,119286.0,0.0,1325.4,24.2
18.0,250.0,0.9700000000000002,Checks,6627,5858,769,159,0.8839595593783008,0.02714236940935473,0.023280788856429507,0.03162373125206336,23.99275690357628,105444.0,2050.2999999999997,46631.34,62523.64000000002,56762.35999999998,178.20833333333334,2.811861827875861
18.0,250.0,0.9700000000000002,Checks + score,6627,4747,1880,45,0.7163120567375887,0.009479671371392459,0.007092420282645978,0.012660206283560734,6.790402897238569,85446.0,1661.4499999999998,13227.529999999999,48728.98,70557.01999999999,395.77916666666664,6.868232860520095
18.0,250.0,0.9750000000000002,Manual,6627,0,6627,0,0.0,,,,0.0,0.0,0.0,0.0,119286.0,0.0,1325.4,24.2
18.0,250.0,0.9750000000000002,Checks,6627,5858,769,159,0.8839595593783008,0.02714236940935473,0.023280788856429507,0.03162373125206336,23.99275690357628,105444.0,2050.2999999999997,46631.34,62523.64000000002,56762.35999999998,178.20833333333334,2.811861827875861
18.0,250.0,0.9750000000000002,Checks + score,6627,4406,2221,41,0.6648558925607364,0.009305492510213346,0.0068670017703016464,0.01259891283307096,6.1868115285951415,79308.0,1542.1,11996.089999999998,53516.19,65769.81,462.55833333333334,8.113257632915849
18.0,250.0,0.9800000000000002,Manual,6627,0,6627,0,0.0,,,,0.0,0.0,0.0,0.0,119286.0,0.0,1325.4,24.2
18.0,250.0,0.9800000000000002,Checks,6627,5858,769,159,0.8839595593783008,0.02714236940935473,0.023280788856429507,0.03162373125206336,23.99275690357628,105444.0,2050.2999999999997,46631.34,62523.64000000002,56762.35999999998,178.20833333333334,2.811861827875861
18.0,250.0,0.9800000000000002,Checks + score,6627,3798,2829,36,0.5731100045269353,0.009478672985781991,0.006854599203619891,0.01309404884105404,5.432322317790856,68364.0,1329.3,10621.63,62872.93,56413.07,581.625,10.333125848800362
18.0,250.0,0.9850000000000002,Manual,6627,0,6627,0,0.0,,,,0.0,0.0,0.0,0.0,119286.0,0.0,1325.4,24.2
18.0,250.0,0.9850000000000002,Checks,6627,5858,769,159,0.8839595593783008,0.02714236940935473,0.023280788856429507,0.03162373125206336,23.99275690357628,105444.0,2050.2999999999997,46631.34,62523.64000000002,56762.35999999998,178.20833333333334,2.811861827875861
18.0,250.0,0.9850000000000002,Checks + score,6627,2521,4106,23,0.38041346008752075,0.009123363744545815,0.006087046570257206,0.01365343932794726,3.470650369699713,45378.0,882.3499999999999,6706.529999999999,81496.87999999999,37789.12000000001,831.7041666666667,14.995579321965696
18.0,250.0,0.9900000000000002,Manual,6627,0,6627,0,0.0,,,,0.0,0.0,0.0,0.0,119286.0,0.0,1325.4,24.2
18.0,250.0,0.9900000000000002,Checks,6627,5858,769,159,0.8839595593783008,0.02714236940935473,0.023280788856429507,0.03162373125206336,23.99275690357628,105444.0,2050.2999999999997,46631.34,62523.64000000002,56762.35999999998,178.20833333333334,2.811861827875861
18.0,250.0,0.9900000000000002,Checks + score,6627,610,6017,5,0.09204768371812283,0.00819672131147541,0.003506033552696567,0.0190431061602196,0.7544892108042855,10980.0,213.5,1449.71,109969.20999999999,9316.790000000008,1205.9416666666666,21.972829586036916
18.0,250.0,0.9950000000000002,Manual,6627,0,6627,0,0.0,,,,0.0,0.0,0.0,0.0,119286.0,0.0,1325.4,24.2
18.0,250.0,0.9950000000000002,Checks,6627,5858,769,159,0.8839595593783008,0.02714236940935473,0.023280788856429507,0.03162373125206336,23.99275690357628,105444.0,2050.2999999999997,46631.34,62523.64000000002,56762.35999999998,178.20833333333334,2.811861827875861
18.0,250.0,0.9950000000000002,Checks + score,6627,1,6626,0,0.0001508978421608571,0.0,0.0,0.7934567085261071,0.0,18.0,0.35,0.0,119268.35,17.64999999999418,1325.2041666666667,24.196348900960714
18.0,250.0,1.0,Manual,6627,0,6627,0,0.0,,,,0.0,0.0,0.0,0.0,119286.0,0.0,1325.4,24.2
18.0,250.0,1.0,Checks,6627,5858,769,159,0.8839595593783008,0.02714236940935473,0.023280788856429507,0.03162373125206336,23.99275690357628,105444.0,2050.2999999999997,46631.34,62523.64000000002,56762.35999999998,178.20833333333334,2.811861827875861
18.0,250.0,1.0,Checks + score,6627,0,6627,0,0.0,,,,0.0,0.0,0.0,0.0,119286.0,0.0,1325.4,24.2
18.0,750.0,0.8,Manual,6627,0,6627,0,0.0,,,,0.0,0.0,0.0,0.0,119286.0,0.0,1325.4,24.2
18.0,750.0,0.8,Checks,6627,5858,769,159,0.8839595593783008,0.02714236940935473,0.023280788856429507,0.03162373125206336,23.99275690357628,105444.0,2050.2999999999997,126131.34,142023.64,-22737.640000000014,178.20833333333334,2.811861827875861
18.0,750.0,0.8,Checks + score,6627,5795,832,146,0.8744529953221669,0.025194132873166523,0.02146282204151792,0.029554539770882675,22.031084955485138,104310.0,2028.2499999999998,115598.45000000001,132602.7,-13316.700000000012,190.54583333333332,3.041881067350736
18.0,750.0,0.805,Manual,6627,0,6627,0,0.0,,,,0.0,0.0,0.0,0.0,119286.0,0.0,1325.4,24.2
18.0,750.0,0.805,Checks,6627,5858,769,159,0.8839595593783008,0.02714236940935473,0.023280788856429507,0.03162373125206336,23.99275690357628,105444.0,2050.2999999999997,126131.34,142023.64,-22737.640000000014,178.20833333333334,2.811861827875861
18.0,750.0,0.805,Checks + score,6627,5792,835,146,0.8740003017956843,0.02520718232044199,0.021473958379143225,0.02956981065691877,22.031084955485138,104256.0,2027.1999999999998,115598.45000000001,132655.65000000002,-13369.650000000023,191.13333333333333,3.0528343644685885
18.0,750.0,0.81,Manual,6627,0,6627,0,0.0,,,,0.0,0.0,0.0,0.0,119286.0,0.0,1325.4,24.2
18.0,750.0,0.81,Checks,6627,5858,769,159,0.8839595593783008,0.02714236940935473,0.023280788856429507,0.03162373125206336,23.99275690357628,105444.0,2050.2999999999997,126131.34,142023.64,-22737.640000000014,178.20833333333334,2.811861827875861
18.0,750.0,0.81,Checks + score,6627,5786,841,145,0.8730949147427192,0.02506049083995852,0.021337001341170954,0.02941423164592838,21.88018711332428,104148.0,2025.1,114838.44,132001.54,-12715.540000000008,192.30833333333334,3.074740958704291
18.0,750.0,0.8150000000000001,Manual,6627,0,6627,0,0.0,,,,0.0,0.0,0.0,0.0,119286.0,0.0,1325.4,24.2
18.0,750.0,0.8150000000000001,Checks,6627,5858,769,159,0.8839595593783008,0.02714236940935473,0.023280788856429507,0.03162373125206336,23.99275690357628,105444.0,2050.2999999999997,126131.34,142023.64,-22737.640000000014,178.20833333333334,2.811861827875861
18.0,750.0,0.8150000000000001,Checks + score,6627,5777,850,145,0.8717368341632714,0.025099532629392417,0.02137030065288654,0.02945994524072175,21.88018711332428,103986.0,2021.9499999999998,114838.44,132160.39,-12874.390000000014,194.07083333333333,3.1076008500578443
18.0,750.0,0.8200000000000001,Manual,6627,0,6627,0,0.0,,,,0.0,0.0,0.0,0.0,119286.0,0.0,1325.4,24.2
18.0,750.0,0.8200000000000001,Checks,6627,5858,769,159,0.8839595593783008,0.02714236940935473,0.023280788856429507,0.03162373125206336,23.99275690357628,105444.0,2050.2999999999997,126131.34,142023.64,-22737.640000000014,178.20833333333334,2.811861827875861
18.0,750.0,0.8200000000000001,Checks + score,6627,5773,854,144,0.871133242794628,0.02494370344708124,0.021225559684601276,0.02929367213923824,21.729289271163424,103914.0,2020.55,114052.5,131445.05000000002,-12159.050000000017,194.85416666666666,3.1222052462149787
18.0,750.0,0.8250000000000001,Manual,6627,0,6627,0,0.0,,,,0.0,0.0,0.0,0.0,119286.0,0.0,1325.4,24.2
18.0,750.0,0.8250000000000001,Checks,6627,5858,769,159,0.8839595593783008,0.02714236940935473,0.023280788856429507,0.03162373125206336,23.99275690357628,105444.0,2050.2999999999997,126131.34,142023.64,-22737.640000000014,178.20833333333334,2.811861827875861
18.0,750.0,0.8250000000000001,Checks + score,6627,5764,863,142,0.8697751622151804,0.024635669673837613,0.02093926415382383,0.02896529633202585,21.42749358684171,103752.0,2017.3999999999999,112444.68000000001,129996.08000000002,-10710.080000000016,196.61666666666667,3.1550651375685326
18.0,750.0,0.8300000000000001,Manual,6627,0,6627,0,0.0,,,,0.0,0.0,0.0,0.0,119286.0,0.0,1325.4,24.2
18.0,750.0,0.8300000000000001,Checks,6627,5858,769,159,0.8839595593783008,0.02714236940935473,0.023280788856429507,0.03162373125206336,23.99275690357628,105444.0,2050.2999999999997,126131.34,142023.64,-22737.640000000014,178.20833333333334,2.811861827875861
18.0,750.0,0.8300000000000001,Checks + score,6627,5753,874,141,0.8681152859514109,0.024508951851208067,0.02081939397173556,0.028833109929014465,21.27659574468085,103554.0,2013.55,111610.92,129356.47,-10070.470000000001,198.77083333333334,3.195227227000654
18.0,750.0,0.8350000000000001,Manual,6627,0,6627,0,0.0,,,,0.0,0.0,0.0,0.0,119286.0,0.0,1325.4,24.2
18.0,750.0,0.8350000000000001,Checks,6627,5858,769,159,0.8839595593783008,0.02714236940935473,0.023280788856429507,0.03162373125206336,23.99275690357628,105444.0,2050.2999999999997,126131.34,142023.64,-22737.640000000014,178.20833333333334,2.811861827875861
18.0,750.0,0.8350000000000001,Checks + score,6627,5746,881,140,0.8670590010562849,0.024364775495997214,0.020684681172439507,0.02868043525094161,21.125697902519995,103428.0,2011.1,110777.16,128646.26000000001,-9360.26000000001,200.14166666666668,3.2207849202756402
18.0,750.0,0.8400000000000001,Manual,6627,0,6627,0,0.0,,,,0.0,0.0,0.0,0.0,119286.0,0.0,1325.4,24.2
18.0,750.0,0.8400000000000001,Checks,6627,5858,769,159,0.8839595593783008,0.02714236940935473,0.023280788856429507,0.03162373125206336,23.99275690357628,105444.0,2050.2999999999997,126131.34,142023.64,-22737.640000000014,178.20833333333334,2.811861827875861
18.0,750.0,0.8400000000000001,Checks + score,6627,5737,890,138,0.8657009204768372,0.024054383824298413,0.020396602765711022,0.02834914210904741,20.82390221819828,103266.0,2007.9499999999998,109256.81,127284.76000000001,-7998.760000000009,201.90416666666667,3.2536448116291936
18.0,750.0,0.8450000000000001,Manual,6627,0,6627,0,0.0,,,,0.0,0.0,0.0,0.0,119286.0,0.0,1325.4,24.2
18.0,750.0,0.8450000000000001,Checks,6627,5858,769,159,0.8839595593783008,0.02714236940935473,0.023280788856429507,0.03162373125206336,23.99275690357628,105444.0,2050.2999999999997,126131.34,142023.64,-22737.640000000014,178.20833333333334,2.811861827875861
18.0,750.0,0.8450000000000001,Checks + score,6627,5726,901,137,0.8640410442130677,0.023925951798812434,0.020275333518797057,0.028214942372948363,20.673004376037422,103068.0,2004.1,108496.47,126718.57000000002,-7432.5700000000215,204.05833333333334,3.293806901061315
18.0,750.0,0.8500000000000001,Manual,6627,0,6627,0,0.0,,,,0.0,0.0,0.0,0.0,119286.0,0.0,1325.4,24.2
18.0,750.0,0.8500000000000001,Checks,6627,5858,769,159,0.8839595593783008,0.02714236940935473,0.023280788856429507,0.03162373125206336,23.99275690357628,105444.0,2050.2999999999997,126131.34,142023.64,-22737.640000000014,178.20833333333334,2.811861827875861
18.0,750.0,0.8500000000000001,Checks + score,6627,5716,911,136,0.8625320657914591,0.023792862141357594,0.020150119062553574,0.028075272353880056,20.522106533876567,102888.0,2000.6,107662.70999999999,126061.31000000001,-6775.310000000012,206.01666666666668,3.3303178914541522
18.0,750.0,0.8550000000000001,Manual,6627,0,6627,0,0.0,,,,0.0,0.0,0.0,0.0,119286.0,0.0,1325.4,24.2
18.0,750.0,0.8550000000000001,Checks,6627,5858,769,159,0.8839595593783008,0.02714236940935473,0.023280788856429507,0.03162373125206336,23.99275690357628,105444.0,2050.2999999999997,126131.34,142023.64,-22737.640000000014,178.20833333333334,2.811861827875861
18.0,750.0,0.8550000000000001,Checks + score,6627,5703,924,135,0.8605703938433681,0.02367175170962651,0.020035071597526283,0.02794971914907513,20.371208691715708,102654.0,1996.05,106828.95000000001,125457.00000000003,-6171.000000000029,208.5625,3.377782178964841
18.0,750.0,0.8600000000000001,Manual,6627,0,6627,0,0.0,,,,0.0,0.0,0.0,0.0,119286.0,0.0,1325.4,24.2
18.0,750.0,0.8600000000000001,Checks,6627,5858,769,159,0.8839595593783008,0.02714236940935473,0.023280788856429507,0.03162373125206336,23.99275690357628,105444.0,2050.2999999999997,126131.34,142023.64,-22737.640000000014,178.20833333333334,2.811861827875861
18.0,750.0,0.8600000000000001,Checks + score,6627,5687,940,131,0.8581560283687943,0.023034992087216457,0.01944605414835017,0.02726788004373839,19.76761732307228,102366.0,1990.4499999999998,103603.64000000001,122514.09000000001,-3228.090000000011,211.69583333333333,3.4361997635933808
18.0,750.0,0.8650000000000001,Manual,6627,0,6627,0,0.0,,,,0.0,0.0,0.0,0.0,119286.0,0.0,1325.4,24.2
18.0,750.0,0.8650000000000001,Checks,6627,5858,769,159,0.8839595593783008,0.02714236940935473,0.023280788856429507,0.03162373125206336,23.99275690357628,105444.0,2050.2999999999997,126131.34,142023.64,-22737.640000000014,178.20833333333334,2.811861827875861
18.0,750.0,0.8650000000000001,Checks + score,6627,5662,965,127,0.8543835823147728,0.022430236665489225,0.018884668399166034,0.026623416401510364,19.16402595442885,101916.0,1981.6999999999998,100513.62,119865.32,-579.320000000007,216.59166666666667,3.5274772395754743
18.0,750.0,0.8700000000000001,Manual,6627,0,6627,0,0.0,,,,0.0,0.0,0.0,0.0,119286.0,0.0,1325.4,24.2
18.0,750.0,0.8700000000000001,Checks,6627,5858,769,159,0.8839595593783008,0.02714236940935473,0.023280788856429507,0.03162373125206336,23.99275690357628,105444.0,2050.2999999999997,126131.34,142023.64,-22737.640000000014,178.20833333333334,2.811861827875861
18.0,750.0,0.8700000000000001,Checks + score,6627,5641,986,124,0.8512147276293949,0.021981918099627726,0.018468380720237786,0.026146086406705155,18.71133242794628,101538.0,1974.35,98225.29999999999,117947.65000000002,1338.3499999999767,220.70416666666668,3.6041503194004325
18.0,750.0,0.8750000000000001,Manual,6627,0,6627,0,0.0,,,,0.0,0.0,0.0,0.0,119286.0,0.0,1325.4,24.2
18.0,750.0,0.8750000000000001,Checks,6627,5858,769,159,0.8839595593783008,0.02714236940935473,0.023280788856429507,0.03162373125206336,23.99275690357628,105444.0,2050.2999999999997,126131.34,142023.64,-22737.640000000014,178.20833333333334,2.811861827875861
18.0,750.0,0.8750000000000001,Checks + score,6627,5624,1003,123,0.8486494643126603,0.021870554765291608,0.018361698421676585,0.026032159429617605,18.560434585785423,101232.0,1968.3999999999999,97391.54,117413.94000000002,1872.0599999999831,224.03333333333333,3.666219003068256
18.0,750.0,0.8800000000000001,Manual,6627,0,6627,0,0.0,,,,0.0,0.0,0.0,0.0,119286.0,0.0,1325.4,24.2
18.0,750.0,0.8800000000000001,Checks,6627,5858,769,159,0.8839595593783008,0.02714236940935473,0.023280788856429507,0.03162373125206336,23.99275690357628,105444.0,2050.2999999999997,126131.34,142023.64,-22737.640000000014,178.20833333333334,2.811861827875861
18.0,750.0,0.8800000000000001,Checks + score,6627,5605,1022,121,0.8457824053116041,0.021587867975022303,0.01809793664949092,0.025733146046800597,18.25863890146371,100890.0,1961.7499999999998,95809.32,116167.07000000002,3118.9299999999785,227.75416666666666,3.735589884814647
18.0,750.0,0.8850000000000001,Manual,6627,0,6627,0,0.0,,,,0.0,0.0,0.0,0.0,119286.0,0.0,1325.4,24.2
18.0,750.0,0.8850000000000001,Checks,6627,5858,769,159,0.8839595593783008,0.02714236940935473,0.023280788856429507,0.03162373125206336,23.99275690357628,105444.0,2050.2999999999997,126131.34,142023.64,-22737.640000000014,178.20833333333334,2.811861827875861
18.0,750.0,0.8850000000000001,Checks + score,6627,5582,1045,116,0.8423117549419044,0.020781082049444642,0.017355186765568353,0.02486613222063419,17.504149690659425,100476.0,1953.6999999999998,91853.51999999999,112617.22000000002,6668.779999999984,232.25833333333333,3.8195651627181735
18.0,750.0,0.8900000000000001,Manual,6627,0,6627,0,0.0,,,,0.0,0.0,0.0,0.0,119286.0,0.0,1325.4,24.2
18.0,750.0,0.8900000000000001,Checks,6627,5858,769,159,0.8839595593783008,0.02714236940935473,0.023280788856429507,0.03162373125206336,23.99275690357628,105444.0,2050.2999999999997,126131.34,142023.64,-22737.640000000014,178.20833333333334,2.811861827875861
18.0,750.0,0.8900000000000001,Checks + score,6627,5551,1076,112,0.8376339218349178,0.0201765447667087,0.016795939666459748,0.024220819479291594,16.900558322015996,99918.0,1942.85,88725.68000000001,110036.53000000003,9249.469999999972,238.32916666666668,3.932749232935969
18.0,750.0,0.8950000000000001,Manual,6627,0,6627,0,0.0,,,,0.0,0.0,0.0,0.0,119286.0,0.0,1325.4,24.2
18.0,750.0,0.8950000000000001,Checks,6627,5858,769,159,0.8839595593783008,0.02714236940935473,0.023280788856429507,0.03162373125206336,23.99275690357628,105444.0,2050.2999999999997,126131.34,142023.64,-22737.640000000014,178.20833333333334,2.811861827875861
18.0,750.0,0.8950000000000001,Checks + score,6627,5534,1093,110,0.8350686585181832,0.019877123238164075,0.016518896466457718,0.023901472364604548,16.598762637694282,99612.0,1936.8999999999999,87070.04000000001,108680.94000000002,10605.059999999983,241.65833333333333,3.9948179166037927
18.0,750.0,0.9000000000000001,Manual,6627,0,6627,0,0.0,,,,0.0,0.0,0.0,0.0,119286.0,0.0,1325.4,24.2
18.0,750.0,0.9000000000000001,Checks,6627,5858,769,159,0.8839595593783008,0.02714236940935473,0.023280788856429507,0.03162373125206336,23.99275690357628,105444.0,2050.2999999999997,126131.34,142023.64,-22737.640000000014,178.20833333333334,2.811861827875861
18.0,750.0,0.9000000000000001,Checks + score,6627,5512,1115,107,0.8317489059906443,0.019412191582002903,0.016090468700030117,0.02340334127449852,16.14606911121171,99216.0,1929.1999999999998,84642.18,106641.38000000002,12644.61999999998,245.96666666666667,4.075142095468035
18.0,750.0,0.9050000000000001,Manual,6627,0,6627,0,0.0,,,,0.0,0.0,0.0,0.0,119286.0,0.0,1325.4,24.2
18.0,750.0,0.9050000000000001,Checks,6627,5858,769,159,0.8839595593783008,0.02714236940935473,0.023280788856429507,0.03162373125206336,23.99275690357628,105444.0,2050.2999999999997,126131.34,142023.64,-22737.640000000014,178.20833333333334,2.811861827875861
18.0,750.0,0.9050000000000001,Checks + score,6627,5488,1139,101,0.8281273577787838,0.018403790087463557,0.015169928434003768,0.022311414800659082,15.240682058246566,98784.0,1920.8,79826.69,102249.49,17036.509999999995,250.66666666666666,4.1627684724108445
18.0,750.0,0.9100000000000001,Manual,6627,0,6627,0,0.0,,,,0.0,0.0,0.0,0.0,119286.0,0.0,1325.4,24.2
18.0,750.0,0.9100000000000001,Checks,6627,5858,769,159,0.8839595593783008,0.02714236940935473,0.023280788856429507,0.03162373125206336,23.99275690357628,105444.0,2050.2999999999997,126131.34,142023.64,-22737.640000000014,178.20833333333334,2.811861827875861
18.0,750.0,0.9100000000000001,Checks + score,6627,5452,1175,92,0.8226950354609929,0.016874541452677916,0.013780042630554207,0.020649402681787707,13.882601478798852,98136.0,1908.1999999999998,72577.92,95636.12000000002,23649.879999999976,257.71666666666664,4.294208037825059
18.0,750.0,0.9150000000000001,Manual,6627,0,6627,0,0.0,,,,0.0,0.0,0.0,0.0,119286.0,0.0,1325.4,24.2
18.0,750.0,0.9150000000000001,Checks,6627,5858,769,159,0.8839595593783008,0.02714236940935473,0.023280788856429507,0.03162373125206336,23.99275690357628,105444.0,2050.2999999999997,126131.34,142023.64,-22737.640000000014,178.20833333333334,2.811861827875861
18.0,750.0,0.9150000000000001,Checks + score,6627,5415,1212,85,0.8171118153010412,0.01569713758079409,0.012713100176170378,0.019367852328512538,12.826316583672854,97470.0,1895.2499999999998,67124.33,90835.58000000002,28450.419999999984,264.9625,4.429298702278557
18.0,750.0,0.9200000000000002,Manual,6627,0,6627,0,0.0,,,,0.0,0.0,0.0,0.0,119286.0,0.0,1325.4,24.2
18.0,750.0,0.9200000000000002,Checks,6627,5858,769,159,0.8839595593783008,0.02714236940935473,0.023280788856429507,0.03162373125206336,23.99275690357628,105444.0,2050.2999999999997,126131.34,142023.64,-22737.640000000014,178.20833333333334,2.811861827875861
18.0,750.0,0.9200000000000002,Checks + score,6627,5386,1241,79,0.8127357778783764,0.014667656888228742,0.011785471008878267,0.01824168229373456,11.920929530707712,96948.0,1885.1,62464.64000000001,86687.74000000002,32598.25999999998,270.64166666666665,4.535180574417786
18.0,750.0,0.9250000000000002,Manual,6627,0,6627,0,0.0,,,,0.0,0.0,0.0,0.0,119286.0,0.0,1325.4,24.2
18.0,750.0,0.9250000000000002,Checks,6627,5858,769,159,0.8839595593783008,0.02714236940935473,0.023280788856429507,0.03162373125206336,23.99275690357628,105444.0,2050.2999999999997,126131.34,142023.64,-22737.640000000014,178.20833333333334,2.811861827875861
18.0,750.0,0.9250000000000002,Checks + score,6627,5350,1277,77,0.8073034555605855,0.014392523364485982,0.011531605072402532,0.017950328050161272,11.619133846385997,96300.0,1872.4999999999998,60894.64000000001,85753.14,33532.86,277.69166666666666,4.666620139832
18.0,750.0,0.9300000000000002,Manual,6627,0,6627,0,0.0,,,,0.0,0.0,0.0,0.0,119286.0,0.0,1325.4,24.2
18.0,750.0,0.9300000000000002,Checks,6627,5858,769,159,0.8839595593783008,0.02714236940935473,0.023280788856429507,0.03162373125206336,23.99275690357628,105444.0,2050.2999999999997,126131.34,142023.64,-22737.640000000014,178.20833333333334,2.811861827875861
18.0,750.0,0.9300000000000002,Checks + score,6627,5323,1304,74,0.8032292138222423,0.013901934999060681,0.01108875287653712,0.017416243404936693,11.166440319903426,95814.0,1863.05,58514.98,83850.03000000001,35435.96999999999,282.9791666666667,4.765199813892661
18.0,750.0,0.9350000000000002,Manual,6627,0,6627,0,0.0,,,,0.0,0.0,0.0,0.0,119286.0,0.0,1325.4,24.2
18.0,750.0,0.9350000000000002,Checks,6627,5858,769,159,0.8839595593783008,0.02714236940935473,0.023280788856429507,0.03162373125206336,23.99275690357628,105444.0,2050.2999999999997,126131.34,142023.64,-22737.640000000014,178.20833333333334,2.811861827875861
18.0,750.0,0.9350000000000002,Checks + score,6627,5283,1344,70,0.797193300135808,0.013250047321597578,0.010501243438891653,0.01670622954460004,10.562848951259998,95094.0,1849.05,55282.090000000004,81323.14000000001,37962.859999999986,290.8125,4.911243775464011
18.0,750.0,0.9400000000000002,Manual,6627,0,6627,0,0.0,,,,0.0,0.0,0.0,0.0,119286.0,0.0,1325.4,24.2
18.0,750.0,0.9400000000000002,Checks,6627,5858,769,159,0.8839595593783008,0.02714236940935473,0.023280788856429507,0.03162373125206336,23.99275690357628,105444.0,2050.2999999999997,126131.34,142023.64,-22737.640000000014,178.20833333333334,2.811861827875861
18.0,750.0,0.9400000000000002,Checks + score,6627,5243,1384,66,0.7911573864493737,0.012588212855235552,0.009907305272388806,0.015982860727667303,9.95925758261657,94374.0,1835.05,52142.09,78889.14000000001,40396.859999999986,298.6458333333333,5.0572877370353595
18.0,750.0,0.9450000000000002,Manual,6627,0,6627,0,0.0,,,,0.0,0.0,0.0,0.0,119286.0,0.0,1325.4,24.2
18.0,750.0,0.9450000000000002,Checks,6627,5858,769,159,0.8839595593783008,0.02714236940935473,0.023280788856429507,0.03162373125206336,23.99275690357628,105444.0,2050.2999999999997,126131.34,142023.64,-22737.640000000014,178.20833333333334,2.811861827875861
18.0,750.0,0.9450000000000002,Checks + score,6627,5207,1420,64,0.7857250641315829,0.012291146533512579,0.009637508078914411,0.01566389428956288,9.657461898294855,93726.0,1822.4499999999998,50572.09,77954.54000000001,41331.45999999999,305.6958333333333,5.188727302449575
18.0,750.0,0.9500000000000002,Manual,6627,0,6627,0,0.0,,,,0.0,0.0,0.0,0.0,119286.0,0.0,1325.4,24.2
18.0,750.0,0.9500000000000002,Checks,6627,5858,769,159,0.8839595593783008,0.02714236940935473,0.023280788856429507,0.03162373125206336,23.99275690357628,105444.0,2050.2999999999997,126131.34,142023.64,-22737.640000000014,178.20833333333334,2.811861827875861
18.0,750.0,0.9500000000000002,Checks + score,6627,5170,1457,59,0.7801418439716312,0.011411992263056094,0.008857861063147038,0.0146916809251504,8.90297268749057,93060.0,1809.4999999999998,46727.15000000001,74762.65000000001,44523.34999999999,312.94166666666666,5.323817966903073
18.0,750.0,0.9550000000000002,Manual,6627,0,6627,0,0.0,,,,0.0,0.0,0.0,0.0,119286.0,0.0,1325.4,24.2
18.0,750.0,0.9550000000000002,Checks,6627,5858,769,159,0.8839595593783008,0.02714236940935473,0.023280788856429507,0.03162373125206336,23.99275690357628,105444.0,2050.2999999999997,126131.34,142023.64,-22737.640000000014,178.20833333333334,2.811861827875861
18.0,750.0,0.9550000000000002,Checks + score,6627,5123,1504,59,0.7730496453900709,0.011516689439781378,0.00893921830467818,0.014826212638224364,8.90297268749057,92214.0,1793.05,46727.15000000001,75592.20000000001,43693.79999999999,322.1458333333333,5.4954196217494085
18.0,750.0,0.9600000000000002,Manual,6627,0,6627,0,0.0,,,,0.0,0.0,0.0,0.0,119286.0,0.0,1325.4,24.2
18.0,750.0,0.9600000000000002,Checks,6627,5858,769,159,0.8839595593783008,0.02714236940935473,0.023280788856429507,0.03162373125206336,23.99275690357628,105444.0,2050.2999999999997,126131.34,142023.64,-22737.640000000014,178.20833333333334,2.811861827875861
18.0,750.0,0.9600000000000002,Checks + score,6627,5045,1582,54,0.7612796137015241,0.010703666997026759,0.008213149869281452,0.01393878296220211,8.148483476686284,90810.0,1765.75,42741.17,72982.92000000001,46303.07999999999,337.42083333333335,5.780205346813541
18.0,750.0,0.9650000000000002,Manual,6627,0,6627,0,0.0,,,,0.0,0.0,0.0,0.0,119286.0,0.0,1325.4,24.2
18.0,750.0,0.9650000000000002,Checks,6627,5858,769,159,0.8839595593783008,0.02714236940935473,0.023280788856429507,0.03162373125206336,23.99275690357628,105444.0,2050.2999999999997,126131.34,142023.64,-22737.640000000014,178.20833333333334,2.811861827875861
18.0,750.0,0.9650000000000002,Checks + score,6627,4938,1689,48,0.7451335445903123,0.009720534629404616,0.0073397435403957465,0.012863574995754827,7.24309642372114,88884.0,1728.3,38067.380000000005,70197.68000000001,49088.31999999999,358.375,6.1708729440168995
18.0,750.0,0.9700000000000002,Manual,6627,0,6627,0,0.0,,,,0.0,0.0,0.0,0.0,119286.0,0.0,1325.4,24.2
18.0,750.0,0.9700000000000002,Checks,6627,5858,769,159,0.8839595593783008,0.02714236940935473,0.023280788856429507,0.03162373125206336,23.99275690357628,105444.0,2050.2999999999997,126131.34,142023.64,-22737.640000000014,178.20833333333334,2.811861827875861
18.0,750.0,0.9700000000000002,Checks + score,6627,4747,1880,45,0.7163120567375887,0.009479671371392459,0.007092420282645978,0.012660206283560734,6.790402897238569,85446.0,1661.4499999999998,35727.53,71228.98000000001,48057.01999999999,395.77916666666664,6.868232860520095
18.0,750.0,0.9750000000000002,Manual,6627,0,6627,0,0.0,,,,0.0,0.0,0.0,0.0,119286.0,0.0,1325.4,24.2
18.0,750.0,0.9750000000000002,Checks,6627,5858,769,159,0.8839595593783008,0.02714236940935473,0.023280788856429507,0.03162373125206336,23.99275690357628,105444.0,2050.2999999999997,126131.34,142023.64,-22737.640000000014,178.20833333333334,2.811861827875861
18.0,750.0,0.9750000000000002,Checks + score,6627,4406,2221,41,0.6648558925607364,0.009305492510213346,0.0068670017703016464,0.01259891283307096,6.1868115285951415,79308.0,1542.1,32496.090000000004,74016.19,45269.81,462.55833333333334,8.113257632915849
18.0,750.0,0.9800000000000002,Manual,6627,0,6627,0,0.0,,,,0.0,0.0,0.0,0.0,119286.0,0.0,1325.4,24.2
18.0,750.0,0.9800000000000002,Checks,6627,5858,769,159,0.8839595593783008,0.02714236940935473,0.023280788856429507,0.03162373125206336,23.99275690357628,105444.0,2050.2999999999997,126131.34,142023.64,-22737.640000000014,178.20833333333334,2.811861827875861
18.0,750.0,0.9800000000000002,Checks + score,6627,3798,2829,36,0.5731100045269353,0.009478672985781991,0.006854599203619891,0.01309404884105404,5.432322317790856,68364.0,1329.3,28621.63,80872.93,38413.07000000001,581.625,10.333125848800362
18.0,750.0,0.9850000000000002,Manual,6627,0,6627,0,0.0,,,,0.0,0.0,0.0,0.0,119286.0,0.0,1325.4,24.2
18.0,750.0,0.9850000000000002,Checks,6627,5858,769,159,0.8839595593783008,0.02714236940935473,0.023280788856429507,0.03162373125206336,23.99275690357628,105444.0,2050.2999999999997,126131.34,142023.64,-22737.640000000014,178.20833333333334,2.811861827875861
18.0,750.0,0.9850000000000002,Checks + score,6627,2521,4106,23,0.38041346008752075,0.009123363744545815,0.006087046570257206,0.01365343932794726,3.470650369699713,45378.0,882.3499999999999,18206.53,92996.87999999999,26289.12000000001,831.7041666666667,14.995579321965696
18.0,750.0,0.9900000000000002,Manual,6627,0,6627,0,0.0,,,,0.0,0.0,0.0,0.0,119286.0,0.0,1325.4,24.2
18.0,750.0,0.9900000000000002,Checks,6627,5858,769,159,0.8839595593783008,0.02714236940935473,0.023280788856429507,0.03162373125206336,23.99275690357628,105444.0,2050.2999999999997,126131.34,142023.64,-22737.640000000014,178.20833333333334,2.811861827875861
18.0,750.0,0.9900000000000002,Checks + score,6627,610,6017,5,0.09204768371812283,0.00819672131147541,0.003506033552696567,0.0190431061602196,0.7544892108042855,10980.0,213.5,3949.71,112469.20999999999,6816.790000000008,1205.9416666666666,21.972829586036916
18.0,750.0,0.9950000000000002,Manual,6627,0,6627,0,0.0,,,,0.0,0.0,0.0,0.0,119286.0,0.0,1325.4,24.2
18.0,750.0,0.9950000000000002,Checks,6627,5858,769,159,0.8839595593783008,0.02714236940935473,0.023280788856429507,0.03162373125206336,23.99275690357628,105444.0,2050.2999999999997,126131.34,142023.64,-22737.640000000014,178.20833333333334,2.811861827875861
18.0,750.0,0.9950000000000002,Checks + score,6627,1,6626,0,0.0001508978421608571,0.0,0.0,0.7934567085261071,0.0,18.0,0.35,0.0,119268.35,17.64999999999418,1325.2041666666667,24.196348900960714
18.0,750.0,1.0,Manual,6627,0,6627,0,0.0,,,,0.0,0.0,0.0,0.0,119286.0,0.0,1325.4,24.2
18.0,750.0,1.0,Checks,6627,5858,769,159,0.8839595593783008,0.02714236940935473,0.023280788856429507,0.03162373125206336,23.99275690357628,105444.0,2050.2999999999997,126131.34,142023.64,-22737.640000000014,178.20833333333334,2.811861827875861
18.0,750.0,1.0,Checks + score,6627,0,6627,0,0.0,,,,0.0,0.0,0.0,0.0,119286.0,0.0,1325.4,24.2
18.0,2000.0,0.8,Manual,6627,0,6627,0,0.0,,,,0.0,0.0,0.0,0.0,119286.0,0.0,1325.4,24.2
18.0,2000.0,0.8,Checks,6627,5858,769,159,0.8839595593783008,0.02714236940935473,0.023280788856429507,0.03162373125206336,23.99275690357628,105444.0,2050.2999999999997,324881.33999999997,340773.6399999999,-221487.6399999999,178.20833333333334,2.811861827875861
18.0,2000.0,0.8,Checks + score,6627,5795,832,146,0.8744529953221669,0.025194132873166523,0.02146282204151792,0.029554539770882675,22.031084955485138,104310.0,2028.2499999999998,298098.45,315102.69999999995,-195816.69999999995,190.54583333333332,3.041881067350736
18.0,2000.0,0.805,Manual,6627,0,6627,0,0.0,,,,0.0,0.0,0.0,0.0,119286.0,0.0,1325.4,24.2
18.0,2000.0,0.805,Checks,6627,5858,769,159,0.8839595593783008,0.02714236940935473,0.023280788856429507,0.03162373125206336,23.99275690357628,105444.0,2050.2999999999997,324881.33999999997,340773.6399999999,-221487.6399999999,178.20833333333334,2.811861827875861
18.0,2000.0,0.805,Checks + score,6627,5792,835,146,0.8740003017956843,0.02520718232044199,0.021473958379143225,0.02956981065691877,22.031084955485138,104256.0,2027.1999999999998,298098.45,315155.6499999999,-195869.6499999999,191.13333333333333,3.0528343644685885
18.0,2000.0,0.81,Manual,6627,0,6627,0,0.0,,,,0.0,0.0,0.0,0.0,119286.0,0.0,1325.4,24.2
18.0,2000.0,0.81,Checks,6627,5858,769,159,0.8839595593783008,0.02714236940935473,0.023280788856429507,0.03162373125206336,23.99275690357628,105444.0,2050.2999999999997,324881.33999999997,340773.6399999999,-221487.6399999999,178.20833333333334,2.811861827875861
18.0,2000.0,0.81,Checks + score,6627,5786,841,145,0.8730949147427192,0.02506049083995852,0.021337001341170954,0.02941423164592838,21.88018711332428,104148.0,2025.1,296088.44,313251.5399999999,-193965.53999999992,192.30833333333334,3.074740958704291
18.0,2000.0,0.8150000000000001,Manual,6627,0,6627,0,0.0,,,,0.0,0.0,0.0,0.0,119286.0,0.0,1325.4,24.2
18.0,2000.0,0.8150000000000001,Checks,6627,5858,769,159,0.8839595593783008,0.02714236940935473,0.023280788856429507,0.03162373125206336,23.99275690357628,105444.0,2050.2999999999997,324881.33999999997,340773.6399999999,-221487.6399999999,178.20833333333334,2.811861827875861
18.0,2000.0,0.8150000000000001,Checks + score,6627,5777,850,145,0.8717368341632714,0.025099532629392417,0.02137030065288654,0.02945994524072175,21.88018711332428,103986.0,2021.9499999999998,296088.44,313410.3899999999,-194124.3899999999,194.07083333333333,3.1076008500578443
18.0,2000.0,0.8200000000000001,Manual,6627,0,6627,0,0.0,,,,0.0,0.0,0.0,0.0,119286.0,0.0,1325.4,24.2
18.0,2000.0,0.8200000000000001,Checks,6627,5858,769,159,0.8839595593783008,0.02714236940935473,0.023280788856429507,0.03162373125206336,23.99275690357628,105444.0,2050.2999999999997,324881.33999999997,340773.6399999999,-221487.6399999999,178.20833333333334,2.811861827875861
18.0,2000.0,0.8200000000000001,Checks + score,6627,5773,854,144,0.871133242794628,0.02494370344708124,0.021225559684601276,0.02929367213923824,21.729289271163424,103914.0,2020.55,294052.5,311445.04999999993,-192159.04999999993,194.85416666666666,3.1222052462149787
18.0,2000.0,0.8250000000000001,Manual,6627,0,6627,0,0.0,,,,0.0,0.0,0.0,0.0,119286.0,0.0,1325.4,24.2
18.0,2000.0,0.8250000000000001,Checks,6627,5858,769,159,0.8839595593783008,0.02714236940935473,0.023280788856429507,0.03162373125206336,23.99275690357628,105444.0,2050.2999999999997,324881.33999999997,340773.6399999999,-221487.6399999999,178.20833333333334,2.811861827875861
18.0,2000.0,0.8250000000000001,Checks + score,6627,5764,863,142,0.8697751622151804,0.024635669673837613,0.02093926415382383,0.02896529633202585,21.42749358684171,103752.0,2017.3999999999999,289944.68,307496.0799999999,-188210.0799999999,196.61666666666667,3.1550651375685326
18.0,2000.0,0.8300000000000001,Manual,6627,0,6627,0,0.0,,,,0.0,0.0,0.0,0.0,119286.0,0.0,1325.4,24.2
18.0,2000.0,0.8300000000000001,Checks,6627,5858,769,159,0.8839595593783008,0.02714236940935473,0.023280788856429507,0.03162373125206336,23.99275690357628,105444.0,2050.2999999999997,324881.33999999997,340773.6399999999,-221487.6399999999,178.20833333333334,2.811861827875861
18.0,2000.0,0.8300000000000001,Checks + score,6627,5753,874,141,0.8681152859514109,0.024508951851208067,0.02081939397173556,0.028833109929014465,21.27659574468085,103554.0,2013.55,287860.92,305606.4699999999,-186320.4699999999,198.77083333333334,3.195227227000654
18.0,2000.0,0.8350000000000001,Manual,6627,0,6627,0,0.0,,,,0.0,0.0,0.0,0.0,119286.0,0.0,1325.4,24.2
18.0,2000.0,0.8350000000000001,Checks,6627,5858,769,159,0.8839595593783008,0.02714236940935473,0.023280788856429507,0.03162373125206336,23.99275690357628,105444.0,2050.2999999999997,324881.33999999997,340773.6399999999,-221487.6399999999,178.20833333333334,2.811861827875861
18.0,2000.0,0.8350000000000001,Checks + score,6627,5746,881,140,0.8670590010562849,0.024364775495997214,0.020684681172439507,0.02868043525094161,21.125697902519995,103428.0,2011.1,285777.16000000003,303646.2599999999,-184360.2599999999,200.14166666666668,3.2207849202756402
18.0,2000.0,0.8400000000000001,Manual,6627,0,6627,0,0.0,,,,0.0,0.0,0.0,0.0,119286.0,0.0,1325.4,24.2
18.0,2000.0,0.8400000000000001,Checks,6627,5858,769,159,0.8839595593783008,0.02714236940935473,0.023280788856429507,0.03162373125206336,23.99275690357628,105444.0,2050.2999999999997,324881.33999999997,340773.6399999999,-221487.6399999999,178.20833333333334,2.811861827875861
18.0,2000.0,0.8400000000000001,Checks + score,6627,5737,890,138,0.8657009204768372,0.024054383824298413,0.020396602765711022,0.02834914210904741,20.82390221819828,103266.0,2007.9499999999998,281756.81000000006,299784.7599999999,-180498.7599999999,201.90416666666667,3.2536448116291936
18.0,2000.0,0.8450000000000001,Manual,6627,0,6627,0,0.0,,,,0.0,0.0,0.0,0.0,119286.0,0.0,1325.4,24.2
18.0,2000.0,0.8450000000000001,Checks,6627,5858,769,159,0.8839595593783008,0.02714236940935473,0.023280788856429507,0.03162373125206336,23.99275690357628,105444.0,2050.2999999999997,324881.33999999997,340773.6399999999,-221487.6399999999,178.20833333333334,2.811861827875861
18.0,2000.0,0.8450000000000001,Checks + score,6627,5726,901,137,0.8640410442130677,0.023925951798812434,0.020275333518797057,0.028214942372948363,20.673004376037422,103068.0,2004.1,279746.47,297968.56999999995,-178682.56999999995,204.05833333333334,3.293806901061315
18.0,2000.0,0.8500000000000001,Manual,6627,0,6627,0,0.0,,,,0.0,0.0,0.0,0.0,119286.0,0.0,1325.4,24.2
18.0,2000.0,0.8500000000000001,Checks,6627,5858,769,159,0.8839595593783008,0.02714236940935473,0.023280788856429507,0.03162373125206336,23.99275690357628,105444.0,2050.2999999999997,324881.33999999997,340773.6399999999,-221487.6399999999,178.20833333333334,2.811861827875861
18.0,2000.0,0.8500000000000001,Checks + score,6627,5716,911,136,0.8625320657914591,0.023792862141357594,0.020150119062553574,0.028075272353880056,20.522106533876567,102888.0,2000.6,277662.71,296061.3099999999,-176775.30999999988,206.01666666666668,3.3303178914541522
18.0,2000.0,0.8550000000000001,Manual,6627,0,6627,0,0.0,,,,0.0,0.0,0.0,0.0,119286.0,0.0,1325.4,24.2
18.0,2000.0,0.8550000000000001,Checks,6627,5858,769,159,0.8839595593783008,0.02714236940935473,0.023280788856429507,0.03162373125206336,23.99275690357628,105444.0,2050.2999999999997,324881.33999999997,340773.6399999999,-221487.6399999999,178.20833333333334,2.811861827875861
18.0,2000.0,0.8550000000000001,Checks + score,6627,5703,924,135,0.8605703938433681,0.02367175170962651,0.020035071597526283,0.02794971914907513,20.371208691715708,102654.0,1996.05,275578.95,294206.9999999999,-174920.99999999988,208.5625,3.377782178964841
18.0,2000.0,0.8600000000000001,Manual,6627,0,6627,0,0.0,,,,0.0,0.0,0.0,0.0,119286.0,0.0,1325.4,24.2
18.0,2000.0,0.8600000000000001,Checks,6627,5858,769,159,0.8839595593783008,0.02714236940935473,0.023280788856429507,0.03162373125206336,23.99275690357628,105444.0,2050.2999999999997,324881.33999999997,340773.6399999999,-221487.6399999999,178.20833333333334,2.811861827875861
18.0,2000.0,0.8600000000000001,Checks + score,6627,5687,940,131,0.8581560283687943,0.023034992087216457,0.01944605414835017,0.02726788004373839,19.76761732307228,102366.0,1990.4499999999998,267353.64,286264.08999999997,-166978.08999999997,211.69583333333333,3.4361997635933808
18.0,2000.0,0.8650000000000001,Manual,6627,0,6627,0,0.0,,,,0.0,0.0,0.0,0.0,119286.0,0.0,1325.4,24.2
18.0,2000.0,0.8650000000000001,Checks,6627,5858,769,159,0.8839595593783008,0.02714236940935473,0.023280788856429507,0.03162373125206336,23.99275690357628,105444.0,2050.2999999999997,324881.33999999997,340773.6399999999,-221487.6399999999,178.20833333333334,2.811861827875861
18.0,2000.0,0.8650000000000001,Checks + score,6627,5662,965,127,0.8543835823147728,0.022430236665489225,0.018884668399166034,0.026623416401510364,19.16402595442885,101916.0,1981.6999999999998,259263.62000000002,278615.3199999999,-159329.3199999999,216.59166666666667,3.5274772395754743
18.0,2000.0,0.8700000000000001,Manual,6627,0,6627,0,0.0,,,,0.0,0.0,0.0,0.0,119286.0,0.0,1325.4,24.2
18.0,2000.0,0.8700000000000001,Checks,6627,5858,769,159,0.8839595593783008,0.02714236940935473,0.023280788856429507,0.03162373125206336,23.99275690357628,105444.0,2050.2999999999997,324881.33999999997,340773.6399999999,-221487.6399999999,178.20833333333334,2.811861827875861
18.0,2000.0,0.8700000000000001,Checks + score,6627,5641,986,124,0.8512147276293949,0.021981918099627726,0.018468380720237786,0.026146086406705155,18.71133242794628,101538.0,1974.35,253225.30000000002,272947.6499999999,-153661.6499999999,220.70416666666668,3.6041503194004325
18.0,2000.0,0.8750000000000001,Manual,6627,0,6627,0,0.0,,,,0.0,0.0,0.0,0.0,119286.0,0.0,1325.4,24.2
18.0,2000.0,0.8750000000000001,Checks,6627,5858,769,159,0.8839595593783008,0.02714236940935473,0.023280788856429507,0.03162373125206336,23.99275690357628,105444.0,2050.2999999999997,324881.33999999997,340773.6399999999,-221487.6399999999,178.20833333333334,2.811861827875861
18.0,2000.0,0.8750000000000001,Checks + score,6627,5624,1003,123,0.8486494643126603,0.021870554765291608,0.018361698421676585,0.026032159429617605,18.560434585785423,101232.0,1968.3999999999999,251141.54000000004,271163.93999999994,-151877.93999999994,224.03333333333333,3.666219003068256
18.0,2000.0,0.8800000000000001,Manual,6627,0,6627,0,0.0,,,,0.0,0.0,0.0,0.0,119286.0,0.0,1325.4,24.2
18.0,2000.0,0.8800000000000001,Checks,6627,5858,769,159,0.8839595593783008,0.02714236940935473,0.023280788856429507,0.03162373125206336,23.99275690357628,105444.0,2050.2999999999997,324881.33999999997,340773.6399999999,-221487.6399999999,178.20833333333334,2.811861827875861
18.0,2000.0,0.8800000000000001,Checks + score,6627,5605,1022,121,0.8457824053116041,0.021587867975022303,0.01809793664949092,0.025733146046800597,18.25863890146371,100890.0,1961.7499999999998,247059.32,267417.0699999999,-148131.0699999999,227.75416666666666,3.735589884814647
18.0,2000.0,0.8850000000000001,Manual,6627,0,6627,0,0.0,,,,0.0,0.0,0.0,0.0,119286.0,0.0,1325.4,24.2
18.0,2000.0,0.8850000000000001,Checks,6627,5858,769,159,0.8839595593783008,0.02714236940935473,0.023280788856429507,0.03162373125206336,23.99275690357628,105444.0,2050.2999999999997,324881.33999999997,340773.6399999999,-221487.6399999999,178.20833333333334,2.811861827875861
18.0,2000.0,0.8850000000000001,Checks + score,6627,5582,1045,116,0.8423117549419044,0.020781082049444642,0.017355186765568353,0.02486613222063419,17.504149690659425,100476.0,1953.6999999999998,236853.52000000002,257617.2199999999,-138331.2199999999,232.25833333333333,3.8195651627181735
18.0,2000.0,0.8900000000000001,Manual,6627,0,6627,0,0.0,,,,0.0,0.0,0.0,0.0,119286.0,0.0,1325.4,24.2
18.0,2000.0,0.8900000000000001,Checks,6627,5858,769,159,0.8839595593783008,0.02714236940935473,0.023280788856429507,0.03162373125206336,23.99275690357628,105444.0,2050.2999999999997,324881.33999999997,340773.6399999999,-221487.6399999999,178.20833333333334,2.811861827875861
18.0,2000.0,0.8900000000000001,Checks + score,6627,5551,1076,112,0.8376339218349178,0.0201765447667087,0.016795939666459748,0.024220819479291594,16.900558322015996,99918.0,1942.85,228725.68,250036.52999999997,-130750.52999999997,238.32916666666668,3.932749232935969
18.0,2000.0,0.8950000000000001,Manual,6627,0,6627,0,0.0,,,,0.0,0.0,0.0,0.0,119286.0,0.0,1325.4,24.2
18.0,2000.0,0.8950000000000001,Checks,6627,5858,769,159,0.8839595593783008,0.02714236940935473,0.023280788856429507,0.03162373125206336,23.99275690357628,105444.0,2050.2999999999997,324881.33999999997,340773.6399999999,-221487.6399999999,178.20833333333334,2.811861827875861
18.0,2000.0,0.8950000000000001,Checks + score,6627,5534,1093,110,0.8350686585181832,0.019877123238164075,0.016518896466457718,0.023901472364604548,16.598762637694282,99612.0,1936.8999999999999,224570.03999999998,246180.93999999997,-126894.93999999997,241.65833333333333,3.9948179166037927
18.0,2000.0,0.9000000000000001,Manual,6627,0,6627,0,0.0,,,,0.0,0.0,0.0,0.0,119286.0,0.0,1325.4,24.2
18.0,2000.0,0.9000000000000001,Checks,6627,5858,769,159,0.8839595593783008,0.02714236940935473,0.023280788856429507,0.03162373125206336,23.99275690357628,105444.0,2050.2999999999997,324881.33999999997,340773.6399999999,-221487.6399999999,178.20833333333334,2.811861827875861
18.0,2000.0,0.9000000000000001,Checks + score,6627,5512,1115,107,0.8317489059906443,0.019412191582002903,0.016090468700030117,0.02340334127449852,16.14606911121171,99216.0,1929.1999999999998,218392.18,240391.37999999995,-121105.37999999995,245.96666666666667,4.075142095468035
18.0,2000.0,0.9050000000000001,Manual,6627,0,6627,0,0.0,,,,0.0,0.0,0.0,0.0,119286.0,0.0,1325.4,24.2
18.0,2000.0,0.9050000000000001,Checks,6627,5858,769,159,0.8839595593783008,0.02714236940935473,0.023280788856429507,0.03162373125206336,23.99275690357628,105444.0,2050.2999999999997,324881.33999999997,340773.6399999999,-221487.6399999999,178.20833333333334,2.811861827875861
18.0,2000.0,0.9050000000000001,Checks + score,6627,5488,1139,101,0.8281273577787838,0.018403790087463557,0.015169928434003768,0.022311414800659082,15.240682058246566,98784.0,1920.8,206076.69,228499.48999999993,-109213.48999999993,250.66666666666666,4.1627684724108445
18.0,2000.0,0.9100000000000001,Manual,6627,0,6627,0,0.0,,,,0.0,0.0,0.0,0.0,119286.0,0.0,1325.4,24.2
18.0,2000.0,0.9100000000000001,Checks,6627,5858,769,159,0.8839595593783008,0.02714236940935473,0.023280788856429507,0.03162373125206336,23.99275690357628,105444.0,2050.2999999999997,324881.33999999997,340773.6399999999,-221487.6399999999,178.20833333333334,2.811861827875861
18.0,2000.0,0.9100000000000001,Checks + score,6627,5452,1175,92,0.8226950354609929,0.016874541452677916,0.013780042630554207,0.020649402681787707,13.882601478798852,98136.0,1908.1999999999998,187577.92,210636.11999999994,-91350.11999999994,257.71666666666664,4.294208037825059
18.0,2000.0,0.9150000000000001,Manual,6627,0,6627,0,0.0,,,,0.0,0.0,0.0,0.0,119286.0,0.0,1325.4,24.2
18.0,2000.0,0.9150000000000001,Checks,6627,5858,769,159,0.8839595593783008,0.02714236940935473,0.023280788856429507,0.03162373125206336,23.99275690357628,105444.0,2050.2999999999997,324881.33999999997,340773.6399999999,-221487.6399999999,178.20833333333334,2.811861827875861
18.0,2000.0,0.9150000000000001,Checks + score,6627,5415,1212,85,0.8171118153010412,0.01569713758079409,0.012713100176170378,0.019367852328512538,12.826316583672854,97470.0,1895.2499999999998,173374.33,197085.57999999996,-77799.57999999996,264.9625,4.429298702278557
18.0,2000.0,0.9200000000000002,Manual,6627,0,6627,0,0.0,,,,0.0,0.0,0.0,0.0,119286.0,0.0,1325.4,24.2
18.0,2000.0,0.9200000000000002,Checks,6627,5858,769,159,0.8839595593783008,0.02714236940935473,0.023280788856429507,0.03162373125206336,23.99275690357628,105444.0,2050.2999999999997,324881.33999999997,340773.6399999999,-221487.6399999999,178.20833333333334,2.811861827875861
18.0,2000.0,0.9200000000000002,Checks + score,6627,5386,1241,79,0.8127357778783764,0.014667656888228742,0.011785471008878267,0.01824168229373456,11.920929530707712,96948.0,1885.1,161214.64,185437.73999999996,-66151.73999999996,270.64166666666665,4.535180574417786
18.0,2000.0,0.9250000000000002,Manual,6627,0,6627,0,0.0,,,,0.0,0.0,0.0,0.0,119286.0,0.0,1325.4,24.2
18.0,2000.0,0.9250000000000002,Checks,6627,5858,769,159,0.8839595593783008,0.02714236940935473,0.023280788856429507,0.03162373125206336,23.99275690357628,105444.0,2050.2999999999997,324881.33999999997,340773.6399999999,-221487.6399999999,178.20833333333334,2.811861827875861
18.0,2000.0,0.9250000000000002,Checks + score,6627,5350,1277,77,0.8073034555605855,0.014392523364485982,0.011531605072402532,0.017950328050161272,11.619133846385997,96300.0,1872.4999999999998,157144.64,182003.13999999996,-62717.139999999956,277.69166666666666,4.666620139832
18.0,2000.0,0.9300000000000002,Manual,6627,0,6627,0,0.0,,,,0.0,0.0,0.0,0.0,119286.0,0.0,1325.4,24.2
18.0,2000.0,0.9300000000000002,Checks,6627,5858,769,159,0.8839595593783008,0.02714236940935473,0.023280788856429507,0.03162373125206336,23.99275690357628,105444.0,2050.2999999999997,324881.33999999997,340773.6399999999,-221487.6399999999,178.20833333333334,2.811861827875861
18.0,2000.0,0.9300000000000002,Checks + score,6627,5323,1304,74,0.8032292138222423,0.013901934999060681,0.01108875287653712,0.017416243404936693,11.166440319903426,95814.0,1863.05,151014.97999999998,176350.02999999997,-57064.02999999997,282.9791666666667,4.765199813892661
18.0,2000.0,0.9350000000000002,Manual,6627,0,6627,0,0.0,,,,0.0,0.0,0.0,0.0,119286.0,0.0,1325.4,24.2
18.0,2000.0,0.9350000000000002,Checks,6627,5858,769,159,0.8839595593783008,0.02714236940935473,0.023280788856429507,0.03162373125206336,23.99275690357628,105444.0,2050.2999999999997,324881.33999999997,340773.6399999999,-221487.6399999999,178.20833333333334,2.811861827875861
18.0,2000.0,0.9350000000000002,Checks + score,6627,5283,1344,70,0.797193300135808,0.013250047321597578,0.010501243438891653,0.01670622954460004,10.562848951259998,95094.0,1849.05,142782.09000000003,168823.14,-49537.140000000014,290.8125,4.911243775464011
18.0,2000.0,0.9400000000000002,Manual,6627,0,6627,0,0.0,,,,0.0,0.0,0.0,0.0,119286.0,0.0,1325.4,24.2
18.0,2000.0,0.9400000000000002,Checks,6627,5858,769,159,0.8839595593783008,0.02714236940935473,0.023280788856429507,0.03162373125206336,23.99275690357628,105444.0,2050.2999999999997,324881.33999999997,340773.6399999999,-221487.6399999999,178.20833333333334,2.811861827875861
18.0,2000.0,0.9400000000000002,Checks + score,6627,5243,1384,66,0.7911573864493737,0.012588212855235552,0.009907305272388806,0.015982860727667303,9.95925758261657,94374.0,1835.05,134642.09000000003,161389.13999999998,-42103.139999999985,298.6458333333333,5.0572877370353595
18.0,2000.0,0.9450000000000002,Manual,6627,0,6627,0,0.0,,,,0.0,0.0,0.0,0.0,119286.0,0.0,1325.4,24.2
18.0,2000.0,0.9450000000000002,Checks,6627,5858,769,159,0.8839595593783008,0.02714236940935473,0.023280788856429507,0.03162373125206336,23.99275690357628,105444.0,2050.2999999999997,324881.33999999997,340773.6399999999,-221487.6399999999,178.20833333333334,2.811861827875861
18.0,2000.0,0.9450000000000002,Checks + score,6627,5207,1420,64,0.7857250641315829,0.012291146533512579,0.009637508078914411,0.01566389428956288,9.657461898294855,93726.0,1822.4499999999998,130572.09,157954.53999999998,-38668.53999999998,305.6958333333333,5.188727302449575
18.0,2000.0,0.9500000000000002,Manual,6627,0,6627,0,0.0,,,,0.0,0.0,0.0,0.0,119286.0,0.0,1325.4,24.2
18.0,2000.0,0.9500000000000002,Checks,6627,5858,769,159,0.8839595593783008,0.02714236940935473,0.023280788856429507,0.03162373125206336,23.99275690357628,105444.0,2050.2999999999997,324881.33999999997,340773.6399999999,-221487.6399999999,178.20833333333334,2.811861827875861
18.0,2000.0,0.9500000000000002,Checks + score,6627,5170,1457,59,0.7801418439716312,0.011411992263056094,0.008857861063147038,0.0146916809251504,8.90297268749057,93060.0,1809.4999999999998,120477.15000000001,148512.64999999997,-29226.649999999965,312.94166666666666,5.323817966903073
18.0,2000.0,0.9550000000000002,Manual,6627,0,6627,0,0.0,,,,0.0,0.0,0.0,0.0,119286.0,0.0,1325.4,24.2
18.0,2000.0,0.9550000000000002,Checks,6627,5858,769,159,0.8839595593783008,0.02714236940935473,0.023280788856429507,0.03162373125206336,23.99275690357628,105444.0,2050.2999999999997,324881.33999999997,340773.6399999999,-221487.6399999999,178.20833333333334,2.811861827875861
18.0,2000.0,0.9550000000000002,Checks + score,6627,5123,1504,59,0.7730496453900709,0.011516689439781378,0.00893921830467818,0.014826212638224364,8.90297268749057,92214.0,1793.05,120477.15000000001,149342.19999999998,-30056.199999999983,322.1458333333333,5.4954196217494085
18.0,2000.0,0.9600000000000002,Manual,6627,0,6627,0,0.0,,,,0.0,0.0,0.0,0.0,119286.0,0.0,1325.4,24.2
18.0,2000.0,0.9600000000000002,Checks,6627,5858,769,159,0.8839595593783008,0.02714236940935473,0.023280788856429507,0.03162373125206336,23.99275690357628,105444.0,2050.2999999999997,324881.33999999997,340773.6399999999,-221487.6399999999,178.20833333333334,2.811861827875861
18.0,2000.0,0.9600000000000002,Checks + score,6627,5045,1582,54,0.7612796137015241,0.010703666997026759,0.008213149869281452,0.01393878296220211,8.148483476686284,90810.0,1765.75,110241.17000000001,140482.91999999995,-21196.919999999955,337.42083333333335,5.780205346813541
18.0,2000.0,0.9650000000000002,Manual,6627,0,6627,0,0.0,,,,0.0,0.0,0.0,0.0,119286.0,0.0,1325.4,24.2
18.0,2000.0,0.9650000000000002,Checks,6627,5858,769,159,0.8839595593783008,0.02714236940935473,0.023280788856429507,0.03162373125206336,23.99275690357628,105444.0,2050.2999999999997,324881.33999999997,340773.6399999999,-221487.6399999999,178.20833333333334,2.811861827875861
18.0,2000.0,0.9650000000000002,Checks + score,6627,4938,1689,48,0.7451335445903123,0.009720534629404616,0.0073397435403957465,0.012863574995754827,7.24309642372114,88884.0,1728.3,98067.38,130197.68,-10911.679999999993,358.375,6.1708729440168995
18.0,2000.0,0.9700000000000002,Manual,6627,0,6627,0,0.0,,,,0.0,0.0,0.0,0.0,119286.0,0.0,1325.4,24.2
18.0,2000.0,0.9700000000000002,Checks,6627,5858,769,159,0.8839595593783008,0.02714236940935473,0.023280788856429507,0.03162373125206336,23.99275690357628,105444.0,2050.2999999999997,324881.33999999997,340773.6399999999,-221487.6399999999,178.20833333333334,2.811861827875861
18.0,2000.0,0.9700000000000002,Checks + score,6627,4747,1880,45,0.7163120567375887,0.009479671371392459,0.007092420282645978,0.012660206283560734,6.790402897238569,85446.0,1661.4499999999998,91977.53,127478.97999999997,-8192.979999999967,395.77916666666664,6.868232860520095
18.0,2000.0,0.9750000000000002,Manual,6627,0,6627,0,0.0,,,,0.0,0.0,0.0,0.0,119286.0,0.0,1325.4,24.2
18.0,2000.0,0.9750000000000002,Checks,6627,5858,769,159,0.8839595593783008,0.02714236940935473,0.023280788856429507,0.03162373125206336,23.99275690357628,105444.0,2050.2999999999997,324881.33999999997,340773.6399999999,-221487.6399999999,178.20833333333334,2.811861827875861
18.0,2000.0,0.9750000000000002,Checks + score,6627,4406,2221,41,0.6648558925607364,0.009305492510213346,0.0068670017703016464,0.01259891283307096,6.1868115285951415,79308.0,1542.1,83746.09000000001,125266.18999999997,-5980.189999999973,462.55833333333334,8.113257632915849
18.0,2000.0,0.9800000000000002,Manual,6627,0,6627,0,0.0,,,,0.0,0.0,0.0,0.0,119286.0,0.0,1325.4,24.2
18.0,2000.0,0.9800000000000002,Checks,6627,5858,769,159,0.8839595593783008,0.02714236940935473,0.023280788856429507,0.03162373125206336,23.99275690357628,105444.0,2050.2999999999997,324881.33999999997,340773.6399999999,-221487.6399999999,178.20833333333334,2.811861827875861
18.0,2000.0,0.9800000000000002,Checks + score,6627,3798,2829,36,0.5731100045269353,0.009478672985781991,0.006854599203619891,0.01309404884105404,5.432322317790856,68364.0,1329.3,73621.63,125872.92999999998,-6586.9299999999785,581.625,10.333125848800362
18.0,2000.0,0.9850000000000002,Manual,6627,0,6627,0,0.0,,,,0.0,0.0,0.0,0.0,119286.0,0.0,1325.4,24.2
18.0,2000.0,0.9850000000000002,Checks,6627,5858,769,159,0.8839595593783008,0.02714236940935473,0.023280788856429507,0.03162373125206336,23.99275690357628,105444.0,2050.2999999999997,324881.33999999997,340773.6399999999,-221487.6399999999,178.20833333333334,2.811861827875861
18.0,2000.0,0.9850000000000002,Checks + score,6627,2521,4106,23,0.38041346008752075,0.009123363744545815,0.006087046570257206,0.01365343932794726,3.470650369699713,45378.0,882.3499999999999,46956.53,121746.87999999999,-2460.87999999999,831.7041666666667,14.995579321965696
18.0,2000.0,0.9900000000000002,Manual,6627,0,6627,0,0.0,,,,0.0,0.0,0.0,0.0,119286.0,0.0,1325.4,24.2
18.0,2000.0,0.9900000000000002,Checks,6627,5858,769,159,0.8839595593783008,0.02714236940935473,0.023280788856429507,0.03162373125206336,23.99275690357628,105444.0,2050.2999999999997,324881.33999999997,340773.6399999999,-221487.6399999999,178.20833333333334,2.811861827875861
18.0,2000.0,0.9900000000000002,Checks + score,6627,610,6017,5,0.09204768371812283,0.00819672131147541,0.003506033552696567,0.0190431061602196,0.7544892108042855,10980.0,213.5,10199.71,118719.20999999999,566.7900000000081,1205.9416666666666,21.972829586036916
18.0,2000.0,0.9950000000000002,Manual,6627,0,6627,0,0.0,,,,0.0,0.0,0.0,0.0,119286.0,0.0,1325.4,24.2
18.0,2000.0,0.9950000000000002,Checks,6627,5858,769,159,0.8839595593783008,0.02714236940935473,0.023280788856429507,0.03162373125206336,23.99275690357628,105444.0,2050.2999999999997,324881.33999999997,340773.6399999999,-221487.6399999999,178.20833333333334,2.811861827875861
18.0,2000.0,0.9950000000000002,Checks + score,6627,1,6626,0,0.0001508978421608571,0.0,0.0,0.7934567085261071,0.0,18.0,0.35,0.0,119268.35,17.64999999999418,1325.2041666666667,24.196348900960714
18.0,2000.0,1.0,Manual,6627,0,6627,0,0.0,,,,0.0,0.0,0.0,0.0,119286.0,0.0,1325.4,24.2
18.0,2000.0,1.0,Checks,6627,5858,769,159,0.8839595593783008,0.02714236940935473,0.023280788856429507,0.03162373125206336,23.99275690357628,105444.0,2050.2999999999997,324881.33999999997,340773.6399999999,-221487.6399999999,178.20833333333334,2.811861827875861
18.0,2000.0,1.0,Checks + score,6627,0,6627,0,0.0,,,,0.0,0.0,0.0,0.0,119286.0,0.0,1325.4,24.2
35.0,100.0,0.8,Manual,6627,0,6627,0,0.0,,,,0.0,0.0,0.0,0.0,231945.0,0.0,1325.4,24.2
35.0,100.0,0.8,Checks,6627,5858,769,159,0.8839595593783008,0.02714236940935473,0.023280788856429507,0.03162373125206336,23.99275690357628,205030.0,2050.2999999999997,22781.34,51746.63999999999,180198.36000000002,178.20833333333334,2.811861827875861
35.0,100.0,0.8,Checks + score,6627,5795,832,146,0.8744529953221669,0.025194132873166523,0.02146282204151792,0.029554539770882675,22.031084955485138,202825.0,2028.2499999999998,20698.45,51846.7,180098.3,190.54583333333332,3.041881067350736
35.0,100.0,0.805,Manual,6627,0,6627,0,0.0,,,,0.0,0.0,0.0,0.0,231945.0,0.0,1325.4,24.2
35.0,100.0,0.805,Checks,6627,5858,769,159,0.8839595593783008,0.02714236940935473,0.023280788856429507,0.03162373125206336,23.99275690357628,205030.0,2050.2999999999997,22781.34,51746.63999999999,180198.36000000002,178.20833333333334,2.811861827875861
35.0,100.0,0.805,Checks + score,6627,5792,835,146,0.8740003017956843,0.02520718232044199,0.021473958379143225,0.02956981065691877,22.031084955485138,202720.0,2027.1999999999998,20698.45,51950.649999999994,179994.35,191.13333333333333,3.0528343644685885
35.0,100.0,0.81,Manual,6627,0,6627,0,0.0,,,,0.0,0.0,0.0,0.0,231945.0,0.0,1325.4,24.2
35.0,100.0,0.81,Checks,6627,5858,769,159,0.8839595593783008,0.02714236940935473,0.023280788856429507,0.03162373125206336,23.99275690357628,205030.0,2050.2999999999997,22781.34,51746.63999999999,180198.36000000002,178.20833333333334,2.811861827875861
35.0,100.0,0.81,Checks + score,6627,5786,841,145,0.8730949147427192,0.02506049083995852,0.021337001341170954,0.02941423164592838,21.88018711332428,202510.0,2025.1,20588.440000000002,52048.53999999999,179896.46000000002,192.30833333333334,3.074740958704291
35.0,100.0,0.8150000000000001,Manual,6627,0,6627,0,0.0,,,,0.0,0.0,0.0,0.0,231945.0,0.0,1325.4,24.2
35.0,100.0,0.8150000000000001,Checks,6627,5858,769,159,0.8839595593783008,0.02714236940935473,0.023280788856429507,0.03162373125206336,23.99275690357628,205030.0,2050.2999999999997,22781.34,51746.63999999999,180198.36000000002,178.20833333333334,2.811861827875861
35.0,100.0,0.8150000000000001,Checks + score,6627,5777,850,145,0.8717368341632714,0.025099532629392417,0.02137030065288654,0.02945994524072175,21.88018711332428,202195.0,2021.9499999999998,20588.440000000002,52360.39,179584.61,194.07083333333333,3.1076008500578443
35.0,100.0,0.8200000000000001,Manual,6627,0,6627,0,0.0,,,,0.0,0.0,0.0,0.0,231945.0,0.0,1325.4,24.2
35.0,100.0,0.8200000000000001,Checks,6627,5858,769,159,0.8839595593783008,0.02714236940935473,0.023280788856429507,0.03162373125206336,23.99275690357628,205030.0,2050.2999999999997,22781.34,51746.63999999999,180198.36000000002,178.20833333333334,2.811861827875861
35.0,100.0,0.8200000000000001,Checks + score,6627,5773,854,144,0.871133242794628,0.02494370344708124,0.021225559684601276,0.02929367213923824,21.729289271163424,202055.0,2020.55,20452.5,52363.049999999996,179581.95,194.85416666666666,3.1222052462149787
35.0,100.0,0.8250000000000001,Manual,6627,0,6627,0,0.0,,,,0.0,0.0,0.0,0.0,231945.0,0.0,1325.4,24.2
35.0,100.0,0.8250000000000001,Checks,6627,5858,769,159,0.8839595593783008,0.02714236940935473,0.023280788856429507,0.03162373125206336,23.99275690357628,205030.0,2050.2999999999997,22781.34,51746.63999999999,180198.36000000002,178.20833333333334,2.811861827875861
35.0,100.0,0.8250000000000001,Checks + score,6627,5764,863,142,0.8697751622151804,0.024635669673837613,0.02093926415382383,0.02896529633202585,21.42749358684171,201740.0,2017.3999999999999,20144.68,52367.08,179577.91999999998,196.61666666666667,3.1550651375685326
35.0,100.0,0.8300000000000001,Manual,6627,0,6627,0,0.0,,,,0.0,0.0,0.0,0.0,231945.0,0.0,1325.4,24.2
35.0,100.0,0.8300000000000001,Checks,6627,5858,769,159,0.8839595593783008,0.02714236940935473,0.023280788856429507,0.03162373125206336,23.99275690357628,205030.0,2050.2999999999997,22781.34,51746.63999999999,180198.36000000002,178.20833333333334,2.811861827875861
35.0,100.0,0.8300000000000001,Checks + score,6627,5753,874,141,0.8681152859514109,0.024508951851208067,0.02081939397173556,0.028833109929014465,21.27659574468085,201355.0,2013.55,19960.92,52564.469999999994,179380.53,198.77083333333334,3.195227227000654
35.0,100.0,0.8350000000000001,Manual,6627,0,6627,0,0.0,,,,0.0,0.0,0.0,0.0,231945.0,0.0,1325.4,24.2
35.0,100.0,0.8350000000000001,Checks,6627,5858,769,159,0.8839595593783008,0.02714236940935473,0.023280788856429507,0.03162373125206336,23.99275690357628,205030.0,2050.2999999999997,22781.34,51746.63999999999,180198.36000000002,178.20833333333334,2.811861827875861
35.0,100.0,0.8350000000000001,Checks + score,6627,5746,881,140,0.8670590010562849,0.024364775495997214,0.020684681172439507,0.02868043525094161,21.125697902519995,201110.0,2011.1,19777.16,52623.259999999995,179321.74,200.14166666666668,3.2207849202756402
35.0,100.0,0.8400000000000001,Manual,6627,0,6627,0,0.0,,,,0.0,0.0,0.0,0.0,231945.0,0.0,1325.4,24.2
35.0,100.0,0.8400000000000001,Checks,6627,5858,769,159,0.8839595593783008,0.02714236940935473,0.023280788856429507,0.03162373125206336,23.99275690357628,205030.0,2050.2999999999997,22781.34,51746.63999999999,180198.36000000002,178.20833333333334,2.811861827875861
35.0,100.0,0.8400000000000001,Checks + score,6627,5737,890,138,0.8657009204768372,0.024054383824298413,0.020396602765711022,0.02834914210904741,20.82390221819828,200795.0,2007.9499999999998,19556.809999999998,52714.759999999995,179230.24,201.90416666666667,3.2536448116291936
35.0,100.0,0.8450000000000001,Manual,6627,0,6627,0,0.0,,,,0.0,0.0,0.0,0.0,231945.0,0.0,1325.4,24.2
35.0,100.0,0.8450000000000001,Checks,6627,5858,769,159,0.8839595593783008,0.02714236940935473,0.023280788856429507,0.03162373125206336,23.99275690357628,205030.0,2050.2999999999997,22781.34,51746.63999999999,180198.36000000002,178.20833333333334,2.811861827875861
35.0,100.0,0.8450000000000001,Checks + score,6627,5726,901,137,0.8640410442130677,0.023925951798812434,0.020275333518797057,0.028214942372948363,20.673004376037422,200410.0,2004.1,19446.47,52985.56999999999,178959.43,204.05833333333334,3.293806901061315
35.0,100.0,0.8500000000000001,Manual,6627,0,6627,0,0.0,,,,0.0,0.0,0.0,0.0,231945.0,0.0,1325.4,24.2
35.0,100.0,0.8500000000000001,Checks,6627,5858,769,159,0.8839595593783008,0.02714236940935473,0.023280788856429507,0.03162373125206336,23.99275690357628,205030.0,2050.2999999999997,22781.34,51746.63999999999,180198.36000000002,178.20833333333334,2.811861827875861
35.0,100.0,0.8500000000000001,Checks + score,6627,5716,911,136,0.8625320657914591,0.023792862141357594,0.020150119062553574,0.028075272353880056,20.522106533876567,200060.0,2000.6,19262.71,53148.31,178796.69,206.01666666666668,3.3303178914541522
35.0,100.0,0.8550000000000001,Manual,6627,0,6627,0,0.0,,,,0.0,0.0,0.0,0.0,231945.0,0.0,1325.4,24.2
35.0,100.0,0.8550000000000001,Checks,6627,5858,769,159,0.8839595593783008,0.02714236940935473,0.023280788856429507,0.03162373125206336,23.99275690357628,205030.0,2050.2999999999997,22781.34,51746.63999999999,180198.36000000002,178.20833333333334,2.811861827875861
35.0,100.0,0.8550000000000001,Checks + score,6627,5703,924,135,0.8605703938433681,0.02367175170962651,0.020035071597526283,0.02794971914907513,20.371208691715708,199605.0,1996.05,19078.949999999997,53414.99999999999,178530.0,208.5625,3.377782178964841
35.0,100.0,0.8600000000000001,Manual,6627,0,6627,0,0.0,,,,0.0,0.0,0.0,0.0,231945.0,0.0,1325.4,24.2
35.0,100.0,0.8600000000000001,Checks,6627,5858,769,159,0.8839595593783008,0.02714236940935473,0.023280788856429507,0.03162373125206336,23.99275690357628,205030.0,2050.2999999999997,22781.34,51746.63999999999,180198.36000000002,178.20833333333334,2.811861827875861
35.0,100.0,0.8600000000000001,Checks + score,6627,5687,940,131,0.8581560283687943,0.023034992087216457,0.01944605414835017,0.02726788004373839,19.76761732307228,199045.0,1990.4499999999998,18453.64,53344.09,178600.91,211.69583333333333,3.4361997635933808
35.0,100.0,0.8650000000000001,Manual,6627,0,6627,0,0.0,,,,0.0,0.0,0.0,0.0,231945.0,0.0,1325.4,24.2
35.0,100.0,0.8650000000000001,Checks,6627,5858,769,159,0.8839595593783008,0.02714236940935473,0.023280788856429507,0.03162373125206336,23.99275690357628,205030.0,2050.2999999999997,22781.34,51746.63999999999,180198.36000000002,178.20833333333334,2.811861827875861
35.0,100.0,0.8650000000000001,Checks + score,6627,5662,965,127,0.8543835823147728,0.022430236665489225,0.018884668399166034,0.026623416401510364,19.16402595442885,198170.0,1981.6999999999998,17963.620000000003,53720.31999999999,178224.68,216.59166666666667,3.5274772395754743
35.0,100.0,0.8700000000000001,Manual,6627,0,6627,0,0.0,,,,0.0,0.0,0.0,0.0,231945.0,0.0,1325.4,24.2
35.0,100.0,0.8700000000000001,Checks,6627,5858,769,159,0.8839595593783008,0.02714236940935473,0.023280788856429507,0.03162373125206336,23.99275690357628,205030.0,2050.2999999999997,22781.34,51746.63999999999,180198.36000000002,178.20833333333334,2.811861827875861
35.0,100.0,0.8700000000000001,Checks + score,6627,5641,986,124,0.8512147276293949,0.021981918099627726,0.018468380720237786,0.026146086406705155,18.71133242794628,197435.0,1974.35,17625.300000000003,54109.649999999994,177835.35,220.70416666666668,3.6041503194004325
35.0,100.0,0.8750000000000001,Manual,6627,0,6627,0,0.0,,,,0.0,0.0,0.0,0.0,231945.0,0.0,1325.4,24.2
35.0,100.0,0.8750000000000001,Checks,6627,5858,769,159,0.8839595593783008,0.02714236940935473,0.023280788856429507,0.03162373125206336,23.99275690357628,205030.0,2050.2999999999997,22781.34,51746.63999999999,180198.36000000002,178.20833333333334,2.811861827875861
35.0,100.0,0.8750000000000001,Checks + score,6627,5624,1003,123,0.8486494643126603,0.021870554765291608,0.018361698421676585,0.026032159429617605,18.560434585785423,196840.0,1968.3999999999999,17441.54,54514.939999999995,177430.06,224.03333333333333,3.666219003068256
35.0,100.0,0.8800000000000001,Manual,6627,0,6627,0,0.0,,,,0.0,0.0,0.0,0.0,231945.0,0.0,1325.4,24.2
35.0,100.0,0.8800000000000001,Checks,6627,5858,769,159,0.8839595593783008,0.02714236940935473,0.023280788856429507,0.03162373125206336,23.99275690357628,205030.0,2050.2999999999997,22781.34,51746.63999999999,180198.36000000002,178.20833333333334,2.811861827875861
35.0,100.0,0.8800000000000001,Checks + score,6627,5605,1022,121,0.8457824053116041,0.021587867975022303,0.01809793664949092,0.025733146046800597,18.25863890146371,196175.0,1961.7499999999998,17159.32,54891.06999999999,177053.93,227.75416666666666,3.735589884814647
35.0,100.0,0.8850000000000001,Manual,6627,0,6627,0,0.0,,,,0.0,0.0,0.0,0.0,231945.0,0.0,1325.4,24.2
35.0,100.0,0.8850000000000001,Checks,6627,5858,769,159,0.8839595593783008,0.02714236940935473,0.023280788856429507,0.03162373125206336,23.99275690357628,205030.0,2050.2999999999997,22781.34,51746.63999999999,180198.36000000002,178.20833333333334,2.811861827875861
35.0,100.0,0.8850000000000001,Checks + score,6627,5582,1045,116,0.8423117549419044,0.020781082049444642,0.017355186765568353,0.02486613222063419,17.504149690659425,195370.0,1953.6999999999998,16453.52,54982.219999999994,176962.78,232.25833333333333,3.8195651627181735
35.0,100.0,0.8900000000000001,Manual,6627,0,6627,0,0.0,,,,0.0,0.0,0.0,0.0,231945.0,0.0,1325.4,24.2
35.0,100.0,0.8900000000000001,Checks,6627,5858,769,159,0.8839595593783008,0.02714236940935473,0.023280788856429507,0.03162373125206336,23.99275690357628,205030.0,2050.2999999999997,22781.34,51746.63999999999,180198.36000000002,178.20833333333334,2.811861827875861
35.0,100.0,0.8900000000000001,Checks + score,6627,5551,1076,112,0.8376339218349178,0.0201765447667087,0.016795939666459748,0.024220819479291594,16.900558322015996,194285.0,1942.85,15925.68,55528.52999999999,176416.47,238.32916666666668,3.932749232935969
35.0,100.0,0.8950000000000001,Manual,6627,0,6627,0,0.0,,,,0.0,0.0,0.0,0.0,231945.0,0.0,1325.4,24.2
35.0,100.0,0.8950000000000001,Checks,6627,5858,769,159,0.8839595593783008,0.02714236940935473,0.023280788856429507,0.03162373125206336,23.99275690357628,205030.0,2050.2999999999997,22781.34,51746.63999999999,180198.36000000002,178.20833333333334,2.811861827875861
35.0,100.0,0.8950000000000001,Checks + score,6627,5534,1093,110,0.8350686585181832,0.019877123238164075,0.016518896466457718,0.023901472364604548,16.598762637694282,193690.0,1936.8999999999999,15570.039999999999,55761.93999999999,176183.06,241.65833333333333,3.9948179166037927
35.0,100.0,0.9000000000000001,Manual,6627,0,6627,0,0.0,,,,0.0,0.0,0.0,0.0,231945.0,0.0,1325.4,24.2
35.0,100.0,0.9000000000000001,Checks,6627,5858,769,159,0.8839595593783008,0.02714236940935473,0.023280788856429507,0.03162373125206336,23.99275690357628,205030.0,2050.2999999999997,22781.34,51746.63999999999,180198.36000000002,178.20833333333334,2.811861827875861
35.0,100.0,0.9000000000000001,Checks + score,6627,5512,1115,107,0.8317489059906443,0.019412191582002903,0.016090468700030117,0.02340334127449852,16.14606911121171,192920.0,1929.1999999999998,15092.18,56046.37999999999,175898.62,245.96666666666667,4.075142095468035
35.0,100.0,0.9050000000000001,Manual,6627,0,6627,0,0.0,,,,0.0,0.0,0.0,0.0,231945.0,0.0,1325.4,24.2
35.0,100.0,0.9050000000000001,Checks,6627,5858,769,159,0.8839595593783008,0.02714236940935473,0.023280788856429507,0.03162373125206336,23.99275690357628,205030.0,2050.2999999999997,22781.34,51746.63999999999,180198.36000000002,178.20833333333334,2.811861827875861
35.0,100.0,0.9050000000000001,Checks + score,6627,5488,1139,101,0.8281273577787838,0.018403790087463557,0.015169928434003768,0.022311414800659082,15.240682058246566,192080.0,1920.8,14176.69,55962.48999999999,175982.51,250.66666666666666,4.1627684724108445
35.0,100.0,0.9100000000000001,Manual,6627,0,6627,0,0.0,,,,0.0,0.0,0.0,0.0,231945.0,0.0,1325.4,24.2
35.0,100.0,0.9100000000000001,Checks,6627,5858,769,159,0.8839595593783008,0.02714236940935473,0.023280788856429507,0.03162373125206336,23.99275690357628,205030.0,2050.2999999999997,22781.34,51746.63999999999,180198.36000000002,178.20833333333334,2.811861827875861
35.0,100.0,0.9100000000000001,Checks + score,6627,5452,1175,92,0.8226950354609929,0.016874541452677916,0.013780042630554207,0.020649402681787707,13.882601478798852,190820.0,1908.1999999999998,12777.92,55811.119999999995,176133.88,257.71666666666664,4.294208037825059
35.0,100.0,0.9150000000000001,Manual,6627,0,6627,0,0.0,,,,0.0,0.0,0.0,0.0,231945.0,0.0,1325.4,24.2
35.0,100.0,0.9150000000000001,Checks,6627,5858,769,159,0.8839595593783008,0.02714236940935473,0.023280788856429507,0.03162373125206336,23.99275690357628,205030.0,2050.2999999999997,22781.34,51746.63999999999,180198.36000000002,178.20833333333334,2.811861827875861
35.0,100.0,0.9150000000000001,Checks + score,6627,5415,1212,85,0.8171118153010412,0.01569713758079409,0.012713100176170378,0.019367852328512538,12.826316583672854,189525.0,1895.2499999999998,11874.330000000002,56189.57999999999,175755.42,264.9625,4.429298702278557
35.0,100.0,0.9200000000000002,Manual,6627,0,6627,0,0.0,,,,0.0,0.0,0.0,0.0,231945.0,0.0,1325.4,24.2
35.0,100.0,0.9200000000000002,Checks,6627,5858,769,159,0.8839595593783008,0.02714236940935473,0.023280788856429507,0.03162373125206336,23.99275690357628,205030.0,2050.2999999999997,22781.34,51746.63999999999,180198.36000000002,178.20833333333334,2.811861827875861
35.0,100.0,0.9200000000000002,Checks + score,6627,5386,1241,79,0.8127357778783764,0.014667656888228742,0.011785471008878267,0.01824168229373456,11.920929530707712,188510.0,1885.1,11114.64,56434.73999999999,175510.26,270.64166666666665,4.535180574417786
35.0,100.0,0.9250000000000002,Manual,6627,0,6627,0,0.0,,,,0.0,0.0,0.0,0.0,231945.0,0.0,1325.4,24.2
35.0,100.0,0.9250000000000002,Checks,6627,5858,769,159,0.8839595593783008,0.02714236940935473,0.023280788856429507,0.03162373125206336,23.99275690357628,205030.0,2050.2999999999997,22781.34,51746.63999999999,180198.36000000002,178.20833333333334,2.811861827875861
35.0,100.0,0.9250000000000002,Checks + score,6627,5350,1277,77,0.8073034555605855,0.014392523364485982,0.011531605072402532,0.017950328050161272,11.619133846385997,187250.0,1872.4999999999998,10844.64,57412.13999999999,174532.86000000002,277.69166666666666,4.666620139832
35.0,100.0,0.9300000000000002,Manual,6627,0,6627,0,0.0,,,,0.0,0.0,0.0,0.0,231945.0,0.0,1325.4,24.2
35.0,100.0,0.9300000000000002,Checks,6627,5858,769,159,0.8839595593783008,0.02714236940935473,0.023280788856429507,0.03162373125206336,23.99275690357628,205030.0,2050.2999999999997,22781.34,51746.63999999999,180198.36000000002,178.20833333333334,2.811861827875861
35.0,100.0,0.9300000000000002,Checks + score,6627,5323,1304,74,0.8032292138222423,0.013901934999060681,0.01108875287653712,0.017416243404936693,11.166440319903426,186305.0,1863.05,10414.98,57918.02999999999,174026.97,282.9791666666667,4.765199813892661
35.0,100.0,0.9350000000000002,Manual,6627,0,6627,0,0.0,,,,0.0,0.0,0.0,0.0,231945.0,0.0,1325.4,24.2
35.0,100.0,0.9350000000000002,Checks,6627,5858,769,159,0.8839595593783008,0.02714236940935473,0.023280788856429507,0.03162373125206336,23.99275690357628,205030.0,2050.2999999999997,22781.34,51746.63999999999,180198.36000000002,178.20833333333334,2.811861827875861
35.0,100.0,0.9350000000000002,Checks + score,6627,5283,1344,70,0.797193300135808,0.013250047321597578,0.010501243438891653,0.01670622954460004,10.562848951259998,184905.0,1849.05,9782.09,58671.13999999999,173273.86000000002,290.8125,4.911243775464011
35.0,100.0,0.9400000000000002,Manual,6627,0,6627,0,0.0,,,,0.0,0.0,0.0,0.0,231945.0,0.0,1325.4,24.2
35.0,100.0,0.9400000000000002,Checks,6627,5858,769,159,0.8839595593783008,0.02714236940935473,0.023280788856429507,0.03162373125206336,23.99275690357628,205030.0,2050.2999999999997,22781.34,51746.63999999999,180198.36000000002,178.20833333333334,2.811861827875861
35.0,100.0,0.9400000000000002,Checks + score,6627,5243,1384,66,0.7911573864493737,0.012588212855235552,0.009907305272388806,0.015982860727667303,9.95925758261657,183505.0,1835.05,9242.09,59517.13999999999,172427.86000000002,298.6458333333333,5.0572877370353595
35.0,100.0,0.9450000000000002,Manual,6627,0,6627,0,0.0,,,,0.0,0.0,0.0,0.0,231945.0,0.0,1325.4,24.2
35.0,100.0,0.9450000000000002,Checks,6627,5858,769,159,0.8839595593783008,0.02714236940935473,0.023280788856429507,0.03162373125206336,23.99275690357628,205030.0,2050.2999999999997,22781.34,51746.63999999999,180198.36000000002,178.20833333333334,2.811861827875861
35.0,100.0,0.9450000000000002,Checks + score,6627,5207,1420,64,0.7857250641315829,0.012291146533512579,0.009637508078914411,0.01566389428956288,9.657461898294855,182245.0,1822.4499999999998,8972.09,60494.53999999999,171450.46000000002,305.6958333333333,5.188727302449575
35.0,100.0,0.9500000000000002,Manual,6627,0,6627,0,0.0,,,,0.0,0.0,0.0,0.0,231945.0,0.0,1325.4,24.2
35.0,100.0,0.9500000000000002,Checks,6627,5858,769,159,0.8839595593783008,0.02714236940935473,0.023280788856429507,0.03162373125206336,23.99275690357628,205030.0,2050.2999999999997,22781.34,51746.63999999999,180198.36000000002,178.20833333333334,2.811861827875861
35.0,100.0,0.9500000000000002,Checks + score,6627,5170,1457,59,0.7801418439716312,0.011411992263056094,0.008857861063147038,0.0146916809251504,8.90297268749057,180950.0,1809.4999999999998,8377.150000000001,61181.64999999999,170763.35,312.94166666666666,5.323817966903073
35.0,100.0,0.9550000000000002,Manual,6627,0,6627,0,0.0,,,,0.0,0.0,0.0,0.0,231945.0,0.0,1325.4,24.2
35.0,100.0,0.9550000000000002,Checks,6627,5858,769,159,0.8839595593783008,0.02714236940935473,0.023280788856429507,0.03162373125206336,23.99275690357628,205030.0,2050.2999999999997,22781.34,51746.63999999999,180198.36000000002,178.20833333333334,2.811861827875861
35.0,100.0,0.9550000000000002,Checks + score,6627,5123,1504,59,0.7730496453900709,0.011516689439781378,0.00893921830467818,0.014826212638224364,8.90297268749057,179305.0,1793.05,8377.150000000001,62810.2,169134.8,322.1458333333333,5.4954196217494085
35.0,100.0,0.9600000000000002,Manual,6627,0,6627,0,0.0,,,,0.0,0.0,0.0,0.0,231945.0,0.0,1325.4,24.2
35.0,100.0,0.9600000000000002,Checks,6627,5858,769,159,0.8839595593783008,0.02714236940935473,0.023280788856429507,0.03162373125206336,23.99275690357628,205030.0,2050.2999999999997,22781.34,51746.63999999999,180198.36000000002,178.20833333333334,2.811861827875861
35.0,100.0,0.9600000000000002,Checks + score,6627,5045,1582,54,0.7612796137015241,0.010703666997026759,0.008213149869281452,0.01393878296220211,8.148483476686284,176575.0,1765.75,7641.17,64776.91999999999,167168.08000000002,337.42083333333335,5.780205346813541
35.0,100.0,0.9650000000000002,Manual,6627,0,6627,0,0.0,,,,0.0,0.0,0.0,0.0,231945.0,0.0,1325.4,24.2
35.0,100.0,0.9650000000000002,Checks,6627,5858,769,159,0.8839595593783008,0.02714236940935473,0.023280788856429507,0.03162373125206336,23.99275690357628,205030.0,2050.2999999999997,22781.34,51746.63999999999,180198.36000000002,178.20833333333334,2.811861827875861
35.0,100.0,0.9650000000000002,Checks + score,6627,4938,1689,48,0.7451335445903123,0.009720534629404616,0.0073397435403957465,0.012863574995754827,7.24309642372114,172830.0,1728.3,6867.38,67710.68,164234.32,358.375,6.1708729440168995
35.0,100.0,0.9700000000000002,Manual,6627,0,6627,0,0.0,,,,0.0,0.0,0.0,0.0,231945.0,0.0,1325.4,24.2
35.0,100.0,0.9700000000000002,Checks,6627,5858,769,159,0.8839595593783008,0.02714236940935473,0.023280788856429507,0.03162373125206336,23.99275690357628,205030.0,2050.2999999999997,22781.34,51746.63999999999,180198.36000000002,178.20833333333334,2.811861827875861
35.0,100.0,0.9700000000000002,Checks + score,6627,4747,1880,45,0.7163120567375887,0.009479671371392459,0.007092420282645978,0.012660206283560734,6.790402897238569,166145.0,1661.4499999999998,6477.53,73938.97999999998,158006.02000000002,395.77916666666664,6.868232860520095
35.0,100.0,0.9750000000000002,Manual,6627,0,6627,0,0.0,,,,0.0,0.0,0.0,0.0,231945.0,0.0,1325.4,24.2
35.0,100.0,0.9750000000000002,Checks,6627,5858,769,159,0.8839595593783008,0.02714236940935473,0.023280788856429507,0.03162373125206336,23.99275690357628,205030.0,2050.2999999999997,22781.34,51746.63999999999,180198.36000000002,178.20833333333334,2.811861827875861
35.0,100.0,0.9750000000000002,Checks + score,6627,4406,2221,41,0.6648558925607364,0.009305492510213346,0.0068670017703016464,0.01259891283307096,6.1868115285951415,154210.0,1542.1,5846.09,85123.18999999999,146821.81,462.55833333333334,8.113257632915849
35.0,100.0,0.9800000000000002,Manual,6627,0,6627,0,0.0,,,,0.0,0.0,0.0,0.0,231945.0,0.0,1325.4,24.2
35.0,100.0,0.9800000000000002,Checks,6627,5858,769,159,0.8839595593783008,0.02714236940935473,0.023280788856429507,0.03162373125206336,23.99275690357628,205030.0,2050.2999999999997,22781.34,51746.63999999999,180198.36000000002,178.20833333333334,2.811861827875861
35.0,100.0,0.9800000000000002,Checks + score,6627,3798,2829,36,0.5731100045269353,0.009478672985781991,0.006854599203619891,0.01309404884105404,5.432322317790856,132930.0,1329.3,5221.63,105565.93,126379.07,581.625,10.333125848800362
35.0,100.0,0.9850000000000002,Manual,6627,0,6627,0,0.0,,,,0.0,0.0,0.0,0.0,231945.0,0.0,1325.4,24.2
35.0,100.0,0.9850000000000002,Checks,6627,5858,769,159,0.8839595593783008,0.02714236940935473,0.023280788856429507,0.03162373125206336,23.99275690357628,205030.0,2050.2999999999997,22781.34,51746.63999999999,180198.36000000002,178.20833333333334,2.811861827875861
35.0,100.0,0.9850000000000002,Checks + score,6627,2521,4106,23,0.38041346008752075,0.009123363744545815,0.006087046570257206,0.01365343932794726,3.470650369699713,88235.0,882.3499999999999,3256.5299999999997,147848.88,84096.12,831.7041666666667,14.995579321965696
35.0,100.0,0.9900000000000002,Manual,6627,0,6627,0,0.0,,,,0.0,0.0,0.0,0.0,231945.0,0.0,1325.4,24.2
35.0,100.0,0.9900000000000002,Checks,6627,5858,769,159,0.8839595593783008,0.02714236940935473,0.023280788856429507,0.03162373125206336,23.99275690357628,205030.0,2050.2999999999997,22781.34,51746.63999999999,180198.36000000002,178.20833333333334,2.811861827875861
35.0,100.0,0.9900000000000002,Checks + score,6627,610,6017,5,0.09204768371812283,0.00819672131147541,0.003506033552696567,0.0190431061602196,0.7544892108042855,21350.0,213.5,699.7099999999999,211508.21000000002,20436.78999999998,1205.9416666666666,21.972829586036916
35.0,100.0,0.9950000000000002,Manual,6627,0,6627,0,0.0,,,,0.0,0.0,0.0,0.0,231945.0,0.0,1325.4,24.2
35.0,100.0,0.9950000000000002,Checks,6627,5858,769,159,0.8839595593783008,0.02714236940935473,0.023280788856429507,0.03162373125206336,23.99275690357628,205030.0,2050.2999999999997,22781.34,51746.63999999999,180198.36000000002,178.20833333333334,2.811861827875861
35.0,100.0,0.9950000000000002,Checks + score,6627,1,6626,0,0.0001508978421608571,0.0,0.0,0.7934567085261071,0.0,35.0,0.35,0.0,231910.35,34.64999999999418,1325.2041666666667,24.196348900960714
35.0,100.0,1.0,Manual,6627,0,6627,0,0.0,,,,0.0,0.0,0.0,0.0,231945.0,0.0,1325.4,24.2
35.0,100.0,1.0,Checks,6627,5858,769,159,0.8839595593783008,0.02714236940935473,0.023280788856429507,0.03162373125206336,23.99275690357628,205030.0,2050.2999999999997,22781.34,51746.63999999999,180198.36000000002,178.20833333333334,2.811861827875861
35.0,100.0,1.0,Checks + score,6627,0,6627,0,0.0,,,,0.0,0.0,0.0,0.0,231945.0,0.0,1325.4,24.2
35.0,250.0,0.8,Manual,6627,0,6627,0,0.0,,,,0.0,0.0,0.0,0.0,231945.0,0.0,1325.4,24.2
35.0,250.0,0.8,Checks,6627,5858,769,159,0.8839595593783008,0.02714236940935473,0.023280788856429507,0.03162373125206336,23.99275690357628,205030.0,2050.2999999999997,46631.34,75596.64000000001,156348.36,178.20833333333334,2.811861827875861
35.0,250.0,0.8,Checks + score,6627,5795,832,146,0.8744529953221669,0.025194132873166523,0.02146282204151792,0.029554539770882675,22.031084955485138,202825.0,2028.2499999999998,42598.45,73746.70000000001,158198.3,190.54583333333332,3.041881067350736
35.0,250.0,0.805,Manual,6627,0,6627,0,0.0,,,,0.0,0.0,0.0,0.0,231945.0,0.0,1325.4,24.2
35.0,250.0,0.805,Checks,6627,5858,769,159,0.8839595593783008,0.02714236940935473,0.023280788856429507,0.03162373125206336,23.99275690357628,205030.0,2050.2999999999997,46631.34,75596.64000000001,156348.36,178.20833333333334,2.811861827875861
35.0,250.0,0.805,Checks + score,6627,5792,835,146,0.8740003017956843,0.02520718232044199,0.021473958379143225,0.02956981065691877,22.031084955485138,202720.0,2027.1999999999998,42598.45,73850.65000000002,158094.34999999998,191.13333333333333,3.0528343644685885
35.0,250.0,0.81,Manual,6627,0,6627,0,0.0,,,,0.0,0.0,0.0,0.0,231945.0,0.0,1325.4,24.2
35.0,250.0,0.81,Checks,6627,5858,769,159,0.8839595593783008,0.02714236940935473,0.023280788856429507,0.03162373125206336,23.99275690357628,205030.0,2050.2999999999997,46631.34,75596.64000000001,156348.36,178.20833333333334,2.811861827875861
35.0,250.0,0.81,Checks + score,6627,5786,841,145,0.8730949147427192,0.02506049083995852,0.021337001341170954,0.02941423164592838,21.88018711332428,202510.0,2025.1,42338.44,73798.54000000001,158146.46,192.30833333333334,3.074740958704291
35.0,250.0,0.8150000000000001,Manual,6627,0,6627,0,0.0,,,,0.0,0.0,0.0,0.0,231945.0,0.0,1325.4,24.2
35.0,250.0,0.8150000000000001,Checks,6627,5858,769,159,0.8839595593783008,0.02714236940935473,0.023280788856429507,0.03162373125206336,23.99275690357628,205030.0,2050.2999999999997,46631.34,75596.64000000001,156348.36,178.20833333333334,2.811861827875861
35.0,250.0,0.8150000000000001,Checks + score,6627,5777,850,145,0.8717368341632714,0.025099532629392417,0.02137030065288654,0.02945994524072175,21.88018711332428,202195.0,2021.9499999999998,42338.44,74110.39000000001,157834.61,194.07083333333333,3.1076008500578443
35.0,250.0,0.8200000000000001,Manual,6627,0,6627,0,0.0,,,,0.0,0.0,0.0,0.0,231945.0,0.0,1325.4,24.2
35.0,250.0,0.8200000000000001,Checks,6627,5858,769,159,0.8839595593783008,0.02714236940935473,0.023280788856429507,0.03162373125206336,23.99275690357628,205030.0,2050.2999999999997,46631.34,75596.64000000001,156348.36,178.20833333333334,2.811861827875861
35.0,250.0,0.8200000000000001,Checks + score,6627,5773,854,144,0.871133242794628,0.02494370344708124,0.021225559684601276,0.02929367213923824,21.729289271163424,202055.0,2020.55,42052.5,73963.05000000002,157981.94999999998,194.85416666666666,3.1222052462149787
35.0,250.0,0.8250000000000001,Manual,6627,0,6627,0,0.0,,,,0.0,0.0,0.0,0.0,231945.0,0.0,1325.4,24.2
35.0,250.0,0.8250000000000001,Checks,6627,5858,769,159,0.8839595593783008,0.02714236940935473,0.023280788856429507,0.03162373125206336,23.99275690357628,205030.0,2050.2999999999997,46631.34,75596.64000000001,156348.36,178.20833333333334,2.811861827875861
35.0,250.0,0.8250000000000001,Checks + score,6627,5764,863,142,0.8697751622151804,0.024635669673837613,0.02093926415382383,0.02896529633202585,21.42749358684171,201740.0,2017.3999999999999,41444.67999999999,73667.08000000002,158277.91999999998,196.61666666666667,3.1550651375685326
35.0,250.0,0.8300000000000001,Manual,6627,0,6627,0,0.0,,,,0.0,0.0,0.0,0.0,231945.0,0.0,1325.4,24.2
35.0,250.0,0.8300000000000001,Checks,6627,5858,769,159,0.8839595593783008,0.02714236940935473,0.023280788856429507,0.03162373125206336,23.99275690357628,205030.0,2050.2999999999997,46631.34,75596.64000000001,156348.36,178.20833333333334,2.811861827875861
35.0,250.0,0.8300000000000001,Checks + score,6627,5753,874,141,0.8681152859514109,0.024508951851208067,0.02081939397173556,0.028833109929014465,21.27659574468085,201355.0,2013.55,41110.92,73714.47000000002,158230.52999999997,198.77083333333334,3.195227227000654
35.0,250.0,0.8350000000000001,Manual,6627,0,6627,0,0.0,,,,0.0,0.0,0.0,0.0,231945.0,0.0,1325.4,24.2
35.0,250.0,0.8350000000000001,Checks,6627,5858,769,159,0.8839595593783008,0.02714236940935473,0.023280788856429507,0.03162373125206336,23.99275690357628,205030.0,2050.2999999999997,46631.34,75596.64000000001,156348.36,178.20833333333334,2.811861827875861
35.0,250.0,0.8350000000000001,Checks + score,6627,5746,881,140,0.8670590010562849,0.024364775495997214,0.020684681172439507,0.02868043525094161,21.125697902519995,201110.0,2011.1,40777.16,73623.26000000001,158321.74,200.14166666666668,3.2207849202756402
35.0,250.0,0.8400000000000001,Manual,6627,0,6627,0,0.0,,,,0.0,0.0,0.0,0.0,231945.0,0.0,1325.4,24.2
35.0,250.0,0.8400000000000001,Checks,6627,5858,769,159,0.8839595593783008,0.02714236940935473,0.023280788856429507,0.03162373125206336,23.99275690357628,205030.0,2050.2999999999997,46631.34,75596.64000000001,156348.36,178.20833333333334,2.811861827875861
35.0,250.0,0.8400000000000001,Checks + score,6627,5737,890,138,0.8657009204768372,0.024054383824298413,0.020396602765711022,0.02834914210904741,20.82390221819828,200795.0,2007.9499999999998,40256.81,73414.76000000001,158530.24,201.90416666666667,3.2536448116291936
35.0,250.0,0.8450000000000001,Manual,6627,0,6627,0,0.0,,,,0.0,0.0,0.0,0.0,231945.0,0.0,1325.4,24.2
35.0,250.0,0.8450000000000001,Checks,6627,5858,769,159,0.8839595593783008,0.02714236940935473,0.023280788856429507,0.03162373125206336,23.99275690357628,205030.0,2050.2999999999997,46631.34,75596.64000000001,156348.36,178.20833333333334,2.811861827875861
35.0,250.0,0.8450000000000001,Checks + score,6627,5726,901,137,0.8640410442130677,0.023925951798812434,0.020275333518797057,0.028214942372948363,20.673004376037422,200410.0,2004.1,39996.47,73535.57000000002,158409.43,204.05833333333334,3.293806901061315
35.0,250.0,0.8500000000000001,Manual,6627,0,6627,0,0.0,,,,0.0,0.0,0.0,0.0,231945.0,0.0,1325.4,24.2
35.0,250.0,0.8500000000000001,Checks,6627,5858,769,159,0.8839595593783008,0.02714236940935473,0.023280788856429507,0.03162373125206336,23.99275690357628,205030.0,2050.2999999999997,46631.34,75596.64000000001,156348.36,178.20833333333334,2.811861827875861
35.0,250.0,0.8500000000000001,Checks + score,6627,5716,911,136,0.8625320657914591,0.023792862141357594,0.020150119062553574,0.028075272353880056,20.522106533876567,200060.0,2000.6,39662.71,73548.31000000001,158396.69,206.01666666666668,3.3303178914541522
35.0,250.0,0.8550000000000001,Manual,6627,0,6627,0,0.0,,,,0.0,0.0,0.0,0.0,231945.0,0.0,1325.4,24.2
35.0,250.0,0.8550000000000001,Checks,6627,5858,769,159,0.8839595593783008,0.02714236940935473,0.023280788856429507,0.03162373125206336,23.99275690357628,205030.0,2050.2999999999997,46631.34,75596.64000000001,156348.36,178.20833333333334,2.811861827875861
35.0,250.0,0.8550000000000001,Checks + score,6627,5703,924,135,0.8605703938433681,0.02367175170962651,0.020035071597526283,0.02794971914907513,20.371208691715708,199605.0,1996.05,39328.95,73665.00000000001,158280.0,208.5625,3.377782178964841
35.0,250.0,0.8600000000000001,Manual,6627,0,6627,0,0.0,,,,0.0,0.0,0.0,0.0,231945.0,0.0,1325.4,24.2
35.0,250.0,0.8600000000000001,Checks,6627,5858,769,159,0.8839595593783008,0.02714236940935473,0.023280788856429507,0.03162373125206336,23.99275690357628,205030.0,2050.2999999999997,46631.34,75596.64000000001,156348.36,178.20833333333334,2.811861827875861
35.0,250.0,0.8600000000000001,Checks + score,6627,5687,940,131,0.8581560283687943,0.023034992087216457,0.01944605414835017,0.02726788004373839,19.76761732307228,199045.0,1990.4499999999998,38103.64,72994.09000000001,158950.90999999997,211.69583333333333,3.4361997635933808
35.0,250.0,0.8650000000000001,Manual,6627,0,6627,0,0.0,,,,0.0,0.0,0.0,0.0,231945.0,0.0,1325.4,24.2
35.0,250.0,0.8650000000000001,Checks,6627,5858,769,159,0.8839595593783008,0.02714236940935473,0.023280788856429507,0.03162373125206336,23.99275690357628,205030.0,2050.2999999999997,46631.34,75596.64000000001,156348.36,178.20833333333334,2.811861827875861
35.0,250.0,0.8650000000000001,Checks + score,6627,5662,965,127,0.8543835823147728,0.022430236665489225,0.018884668399166034,0.026623416401510364,19.16402595442885,198170.0,1981.6999999999998,37013.619999999995,72770.32,159174.68,216.59166666666667,3.5274772395754743
35.0,250.0,0.8700000000000001,Manual,6627,0,6627,0,0.0,,,,0.0,0.0,0.0,0.0,231945.0,0.0,1325.4,24.2
35.0,250.0,0.8700000000000001,Checks,6627,5858,769,159,0.8839595593783008,0.02714236940935473,0.023280788856429507,0.03162373125206336,23.99275690357628,205030.0,2050.2999999999997,46631.34,75596.64000000001,156348.36,178.20833333333334,2.811861827875861
35.0,250.0,0.8700000000000001,Checks + score,6627,5641,986,124,0.8512147276293949,0.021981918099627726,0.018468380720237786,0.026146086406705155,18.71133242794628,197435.0,1974.35,36225.3,72709.65000000001,159235.34999999998,220.70416666666668,3.6041503194004325
35.0,250.0,0.8750000000000001,Manual,6627,0,6627,0,0.0,,,,0.0,0.0,0.0,0.0,231945.0,0.0,1325.4,24.2
35.0,250.0,0.8750000000000001,Checks,6627,5858,769,159,0.8839595593783008,0.02714236940935473,0.023280788856429507,0.03162373125206336,23.99275690357628,205030.0,2050.2999999999997,46631.34,75596.64000000001,156348.36,178.20833333333334,2.811861827875861
35.0,250.0,0.8750000000000001,Checks + score,6627,5624,1003,123,0.8486494643126603,0.021870554765291608,0.018361698421676585,0.026032159429617605,18.560434585785423,196840.0,1968.3999999999999,35891.53999999999,72964.94,158980.06,224.03333333333333,3.666219003068256
35.0,250.0,0.8800000000000001,Manual,6627,0,6627,0,0.0,,,,0.0,0.0,0.0,0.0,231945.0,0.0,1325.4,24.2
35.0,250.0,0.8800000000000001,Checks,6627,5858,769,159,0.8839595593783008,0.02714236940935473,0.023280788856429507,0.03162373125206336,23.99275690357628,205030.0,2050.2999999999997,46631.34,75596.64000000001,156348.36,178.20833333333334,2.811861827875861
35.0,250.0,0.8800000000000001,Checks + score,6627,5605,1022,121,0.8457824053116041,0.021587867975022303,0.01809793664949092,0.025733146046800597,18.25863890146371,196175.0,1961.7499999999998,35309.32,73041.07,158903.93,227.75416666666666,3.735589884814647
35.0,250.0,0.8850000000000001,Manual,6627,0,6627,0,0.0,,,,0.0,0.0,0.0,0.0,231945.0,0.0,1325.4,24.2
35.0,250.0,0.8850000000000001,Checks,6627,5858,769,159,0.8839595593783008,0.02714236940935473,0.023280788856429507,0.03162373125206336,23.99275690357628,205030.0,2050.2999999999997,46631.34,75596.64000000001,156348.36,178.20833333333334,2.811861827875861
35.0,250.0,0.8850000000000001,Checks + score,6627,5582,1045,116,0.8423117549419044,0.020781082049444642,0.017355186765568353,0.02486613222063419,17.504149690659425,195370.0,1953.6999999999998,33853.52,72382.22000000002,159562.77999999997,232.25833333333333,3.8195651627181735
35.0,250.0,0.8900000000000001,Manual,6627,0,6627,0,0.0,,,,0.0,0.0,0.0,0.0,231945.0,0.0,1325.4,24.2
35.0,250.0,0.8900000000000001,Checks,6627,5858,769,159,0.8839595593783008,0.02714236940935473,0.023280788856429507,0.03162373125206336,23.99275690357628,205030.0,2050.2999999999997,46631.34,75596.64000000001,156348.36,178.20833333333334,2.811861827875861
35.0,250.0,0.8900000000000001,Checks + score,6627,5551,1076,112,0.8376339218349178,0.0201765447667087,0.016795939666459748,0.024220819479291594,16.900558322015996,194285.0,1942.85,32725.679999999997,72328.53,159616.47,238.32916666666668,3.932749232935969
35.0,250.0,0.8950000000000001,Manual,6627,0,6627,0,0.0,,,,0.0,0.0,0.0,0.0,231945.0,0.0,1325.4,24.2
35.0,250.0,0.8950000000000001,Checks,6627,5858,769,159,0.8839595593783008,0.02714236940935473,0.023280788856429507,0.03162373125206336,23.99275690357628,205030.0,2050.2999999999997,46631.34,75596.64000000001,156348.36,178.20833333333334,2.811861827875861
35.0,250.0,0.8950000000000001,Checks + score,6627,5534,1093,110,0.8350686585181832,0.019877123238164075,0.016518896466457718,0.023901472364604548,16.598762637694282,193690.0,1936.8999999999999,32070.04,72261.94,159683.06,241.65833333333333,3.9948179166037927
35.0,250.0,0.9000000000000001,Manual,6627,0,6627,0,0.0,,,,0.0,0.0,0.0,0.0,231945.0,0.0,1325.4,24.2
35.0,250.0,0.9000000000000001,Checks,6627,5858,769,159,0.8839595593783008,0.02714236940935473,0.023280788856429507,0.03162373125206336,23.99275690357628,205030.0,2050.2999999999997,46631.34,75596.64000000001,156348.36,178.20833333333334,2.811861827875861
35.0,250.0,0.9000000000000001,Checks + score,6627,5512,1115,107,0.8317489059906443,0.019412191582002903,0.016090468700030117,0.02340334127449852,16.14606911121171,192920.0,1929.1999999999998,31142.179999999997,72096.38,159848.62,245.96666666666667,4.075142095468035
35.0,250.0,0.9050000000000001,Manual,6627,0,6627,0,0.0,,,,0.0,0.0,0.0,0.0,231945.0,0.0,1325.4,24.2
35.0,250.0,0.9050000000000001,Checks,6627,5858,769,159,0.8839595593783008,0.02714236940935473,0.023280788856429507,0.03162373125206336,23.99275690357628,205030.0,2050.2999999999997,46631.34,75596.64000000001,156348.36,178.20833333333334,2.811861827875861
35.0,250.0,0.9050000000000001,Checks + score,6627,5488,1139,101,0.8281273577787838,0.018403790087463557,0.015169928434003768,0.022311414800659082,15.240682058246566,192080.0,1920.8,29326.689999999995,71112.49000000002,160832.50999999998,250.66666666666666,4.1627684724108445
35.0,250.0,0.9100000000000001,Manual,6627,0,6627,0,0.0,,,,0.0,0.0,0.0,0.0,231945.0,0.0,1325.4,24.2
35.0,250.0,0.9100000000000001,Checks,6627,5858,769,159,0.8839595593783008,0.02714236940935473,0.023280788856429507,0.03162373125206336,23.99275690357628,205030.0,2050.2999999999997,46631.34,75596.64000000001,156348.36,178.20833333333334,2.811861827875861
35.0,250.0,0.9100000000000001,Checks + score,6627,5452,1175,92,0.8226950354609929,0.016874541452677916,0.013780042630554207,0.020649402681787707,13.882601478798852,190820.0,1908.1999999999998,26577.92,69611.12000000001,162333.88,257.71666666666664,4.294208037825059
35.0,250.0,0.9150000000000001,Manual,6627,0,6627,0,0.0,,,,0.0,0.0,0.0,0.0,231945.0,0.0,1325.4,24.2
35.0,250.0,0.9150000000000001,Checks,6627,5858,769,159,0.8839595593783008,0.02714236940935473,0.023280788856429507,0.03162373125206336,23.99275690357628,205030.0,2050.2999999999997,46631.34,75596.64000000001,156348.36,178.20833333333334,2.811861827875861
35.0,250.0,0.9150000000000001,Checks + score,6627,5415,1212,85,0.8171118153010412,0.01569713758079409,0.012713100176170378,0.019367852328512538,12.826316583672854,189525.0,1895.2499999999998,24624.329999999994,68939.58,163005.41999999998,264.9625,4.429298702278557
35.0,250.0,0.9200000000000002,Manual,6627,0,6627,0,0.0,,,,0.0,0.0,0.0,0.0,231945.0,0.0,1325.4,24.2
35.0,250.0,0.9200000000000002,Checks,6627,5858,769,159,0.8839595593783008,0.02714236940935473,0.023280788856429507,0.03162373125206336,23.99275690357628,205030.0,2050.2999999999997,46631.34,75596.64000000001,156348.36,178.20833333333334,2.811861827875861
35.0,250.0,0.9200000000000002,Checks + score,6627,5386,1241,79,0.8127357778783764,0.014667656888228742,0.011785471008878267,0.01824168229373456,11.920929530707712,188510.0,1885.1,22964.64,68284.74,163660.26,270.64166666666665,4.535180574417786
35.0,250.0,0.9250000000000002,Manual,6627,0,6627,0,0.0,,,,0.0,0.0,0.0,0.0,231945.0,0.0,1325.4,24.2
35.0,250.0,0.9250000000000002,Checks,6627,5858,769,159,0.8839595593783008,0.02714236940935473,0.023280788856429507,0.03162373125206336,23.99275690357628,205030.0,2050.2999999999997,46631.34,75596.64000000001,156348.36,178.20833333333334,2.811861827875861
35.0,250.0,0.9250000000000002,Checks + score,6627,5350,1277,77,0.8073034555605855,0.014392523364485982,0.011531605072402532,0.017950328050161272,11.619133846385997,187250.0,1872.4999999999998,22394.64,68962.14,162982.86,277.69166666666666,4.666620139832
35.0,250.0,0.9300000000000002,Manual,6627,0,6627,0,0.0,,,,0.0,0.0,0.0,0.0,231945.0,0.0,1325.4,24.2
35.0,250.0,0.9300000000000002,Checks,6627,5858,769,159,0.8839595593783008,0.02714236940935473,0.023280788856429507,0.03162373125206336,23.99275690357628,205030.0,2050.2999999999997,46631.34,75596.64000000001,156348.36,178.20833333333334,2.811861827875861
35.0,250.0,0.9300000000000002,Checks + score,6627,5323,1304,74,0.8032292138222423,0.013901934999060681,0.01108875287653712,0.017416243404936693,11.166440319903426,186305.0,1863.05,21514.979999999996,69018.03,162926.97,282.9791666666667,4.765199813892661
35.0,250.0,0.9350000000000002,Manual,6627,0,6627,0,0.0,,,,0.0,0.0,0.0,0.0,231945.0,0.0,1325.4,24.2
35.0,250.0,0.9350000000000002,Checks,6627,5858,769,159,0.8839595593783008,0.02714236940935473,0.023280788856429507,0.03162373125206336,23.99275690357628,205030.0,2050.2999999999997,46631.34,75596.64000000001,156348.36,178.20833333333334,2.811861827875861
35.0,250.0,0.9350000000000002,Checks + score,6627,5283,1344,70,0.797193300135808,0.013250047321597578,0.010501243438891653,0.01670622954460004,10.562848951259998,184905.0,1849.05,20282.089999999997,69171.14,162773.86,290.8125,4.911243775464011
35.0,250.0,0.9400000000000002,Manual,6627,0,6627,0,0.0,,,,0.0,0.0,0.0,0.0,231945.0,0.0,1325.4,24.2
35.0,250.0,0.9400000000000002,Checks,6627,5858,769,159,0.8839595593783008,0.02714236940935473,0.023280788856429507,0.03162373125206336,23.99275690357628,205030.0,2050.2999999999997,46631.34,75596.64000000001,156348.36,178.20833333333334,2.811861827875861
35.0,250.0,0.9400000000000002,Checks + score,6627,5243,1384,66,0.7911573864493737,0.012588212855235552,0.009907305272388806,0.015982860727667303,9.95925758261657,183505.0,1835.05,19142.089999999997,69417.14,162527.86,298.6458333333333,5.0572877370353595
35.0,250.0,0.9450000000000002,Manual,6627,0,6627,0,0.0,,,,0.0,0.0,0.0,0.0,231945.0,0.0,1325.4,24.2
35.0,250.0,0.9450000000000002,Checks,6627,5858,769,159,0.8839595593783008,0.02714236940935473,0.023280788856429507,0.03162373125206336,23.99275690357628,205030.0,2050.2999999999997,46631.34,75596.64000000001,156348.36,178.20833333333334,2.811861827875861
35.0,250.0,0.9450000000000002,Checks + score,6627,5207,1420,64,0.7857250641315829,0.012291146533512579,0.009637508078914411,0.01566389428956288,9.657461898294855,182245.0,1822.4499999999998,18572.089999999997,70094.54000000001,161850.46,305.6958333333333,5.188727302449575
35.0,250.0,0.9500000000000002,Manual,6627,0,6627,0,0.0,,,,0.0,0.0,0.0,0.0,231945.0,0.0,1325.4,24.2
35.0,250.0,0.9500000000000002,Checks,6627,5858,769,159,0.8839595593783008,0.02714236940935473,0.023280788856429507,0.03162373125206336,23.99275690357628,205030.0,2050.2999999999997,46631.34,75596.64000000001,156348.36,178.20833333333334,2.811861827875861
35.0,250.0,0.9500000000000002,Checks + score,6627,5170,1457,59,0.7801418439716312,0.011411992263056094,0.008857861063147038,0.0146916809251504,8.90297268749057,180950.0,1809.4999999999998,17227.149999999998,70031.65,161913.35,312.94166666666666,5.323817966903073
35.0,250.0,0.9550000000000002,Manual,6627,0,6627,0,0.0,,,,0.0,0.0,0.0,0.0,231945.0,0.0,1325.4,24.2
35.0,250.0,0.9550000000000002,Checks,6627,5858,769,159,0.8839595593783008,0.02714236940935473,0.023280788856429507,0.03162373125206336,23.99275690357628,205030.0,2050.2999999999997,46631.34,75596.64000000001,156348.36,178.20833333333334,2.811861827875861
35.0,250.0,0.9550000000000002,Checks + score,6627,5123,1504,59,0.7730496453900709,0.011516689439781378,0.00893921830467818,0.014826212638224364,8.90297268749057,179305.0,1793.05,17227.149999999998,71660.2,160284.8,322.1458333333333,5.4954196217494085
35.0,250.0,0.9600000000000002,Manual,6627,0,6627,0,0.0,,,,0.0,0.0,0.0,0.0,231945.0,0.0,1325.4,24.2
35.0,250.0,0.9600000000000002,Checks,6627,5858,769,159,0.8839595593783008,0.02714236940935473,0.023280788856429507,0.03162373125206336,23.99275690357628,205030.0,2050.2999999999997,46631.34,75596.64000000001,156348.36,178.20833333333334,2.811861827875861
35.0,250.0,0.9600000000000002,Checks + score,6627,5045,1582,54,0.7612796137015241,0.010703666997026759,0.008213149869281452,0.01393878296220211,8.148483476686284,176575.0,1765.75,15741.169999999998,72876.91999999998,159068.08000000002,337.42083333333335,5.780205346813541
35.0,250.0,0.9650000000000002,Manual,6627,0,6627,0,0.0,,,,0.0,0.0,0.0,0.0,231945.0,0.0,1325.4,24.2
35.0,250.0,0.9650000000000002,Checks,6627,5858,769,159,0.8839595593783008,0.02714236940935473,0.023280788856429507,0.03162373125206336,23.99275690357628,205030.0,2050.2999999999997,46631.34,75596.64000000001,156348.36,178.20833333333334,2.811861827875861
35.0,250.0,0.9650000000000002,Checks + score,6627,4938,1689,48,0.7451335445903123,0.009720534629404616,0.0073397435403957465,0.012863574995754827,7.24309642372114,172830.0,1728.3,14067.38,74910.68,157034.32,358.375,6.1708729440168995
35.0,250.0,0.9700000000000002,Manual,6627,0,6627,0,0.0,,,,0.0,0.0,0.0,0.0,231945.0,0.0,1325.4,24.2
35.0,250.0,0.9700000000000002,Checks,6627,5858,769,159,0.8839595593783008,0.02714236940935473,0.023280788856429507,0.03162373125206336,23.99275690357628,205030.0,2050.2999999999997,46631.34,75596.64000000001,156348.36,178.20833333333334,2.811861827875861
35.0,250.0,0.9700000000000002,Checks + score,6627,4747,1880,45,0.7163120567375887,0.009479671371392459,0.007092420282645978,0.012660206283560734,6.790402897238569,166145.0,1661.4499999999998,13227.529999999999,80688.97999999998,151256.02000000002,395.77916666666664,6.868232860520095
35.0,250.0,0.9750000000000002,Manual,6627,0,6627,0,0.0,,,,0.0,0.0,0.0,0.0,231945.0,0.0,1325.4,24.2
35.0,250.0,0.9750000000000002,Checks,6627,5858,769,159,0.8839595593783008,0.02714236940935473,0.023280788856429507,0.03162373125206336,23.99275690357628,205030.0,2050.2999999999997,46631.34,75596.64000000001,156348.36,178.20833333333334,2.811861827875861
35.0,250.0,0.9750000000000002,Checks + score,6627,4406,2221,41,0.6648558925607364,0.009305492510213346,0.0068670017703016464,0.01259891283307096,6.1868115285951415,154210.0,1542.1,11996.089999999998,91273.19,140671.81,462.55833333333334,8.113257632915849
35.0,250.0,0.9800000000000002,Manual,6627,0,6627,0,0.0,,,,0.0,0.0,0.0,0.0,231945.0,0.0,1325.4,24.2
35.0,250.0,0.9800000000000002,Checks,6627,5858,769,159,0.8839595593783008,0.02714236940935473,0.023280788856429507,0.03162373125206336,23.99275690357628,205030.0,2050.2999999999997,46631.34,75596.64000000001,156348.36,178.20833333333334,2.811861827875861
35.0,250.0,0.9800000000000002,Checks + score,6627,3798,2829,36,0.5731100045269353,0.009478672985781991,0.006854599203619891,0.01309404884105404,5.432322317790856,132930.0,1329.3,10621.63,110965.93,120979.07,581.625,10.333125848800362
35.0,250.0,0.9850000000000002,Manual,6627,0,6627,0,0.0,,,,0.0,0.0,0.0,0.0,231945.0,0.0,1325.4,24.2
35.0,250.0,0.9850000000000002,Checks,6627,5858,769,159,0.8839595593783008,0.02714236940935473,0.023280788856429507,0.03162373125206336,23.99275690357628,205030.0,2050.2999999999997,46631.34,75596.64000000001,156348.36,178.20833333333334,2.811861827875861
35.0,250.0,0.9850000000000002,Checks + score,6627,2521,4106,23,0.38041346008752075,0.009123363744545815,0.006087046570257206,0.01365343932794726,3.470650369699713,88235.0,882.3499999999999,6706.529999999999,151298.88,80646.12,831.7041666666667,14.995579321965696
35.0,250.0,0.9900000000000002,Manual,6627,0,6627,0,0.0,,,,0.0,0.0,0.0,0.0,231945.0,0.0,1325.4,24.2
35.0,250.0,0.9900000000000002,Checks,6627,5858,769,159,0.8839595593783008,0.02714236940935473,0.023280788856429507,0.03162373125206336,23.99275690357628,205030.0,2050.2999999999997,46631.34,75596.64000000001,156348.36,178.20833333333334,2.811861827875861
35.0,250.0,0.9900000000000002,Checks + score,6627,610,6017,5,0.09204768371812283,0.00819672131147541,0.003506033552696567,0.0190431061602196,0.7544892108042855,21350.0,213.5,1449.71,212258.21000000002,19686.78999999998,1205.9416666666666,21.972829586036916
35.0,250.0,0.9950000000000002,Manual,6627,0,6627,0,0.0,,,,0.0,0.0,0.0,0.0,231945.0,0.0,1325.4,24.2
35.0,250.0,0.9950000000000002,Checks,6627,5858,769,159,0.8839595593783008,0.02714236940935473,0.023280788856429507,0.03162373125206336,23.99275690357628,205030.0,2050.2999999999997,46631.34,75596.64000000001,156348.36,178.20833333333334,2.811861827875861
35.0,250.0,0.9950000000000002,Checks + score,6627,1,6626,0,0.0001508978421608571,0.0,0.0,0.7934567085261071,0.0,35.0,0.35,0.0,231910.35,34.64999999999418,1325.2041666666667,24.196348900960714
35.0,250.0,1.0,Manual,6627,0,6627,0,0.0,,,,0.0,0.0,0.0,0.0,231945.0,0.0,1325.4,24.2
35.0,250.0,1.0,Checks,6627,5858,769,159,0.8839595593783008,0.02714236940935473,0.023280788856429507,0.03162373125206336,23.99275690357628,205030.0,2050.2999999999997,46631.34,75596.64000000001,156348.36,178.20833333333334,2.811861827875861
35.0,250.0,1.0,Checks + score,6627,0,6627,0,0.0,,,,0.0,0.0,0.0,0.0,231945.0,0.0,1325.4,24.2
35.0,750.0,0.8,Manual,6627,0,6627,0,0.0,,,,0.0,0.0,0.0,0.0,231945.0,0.0,1325.4,24.2
35.0,750.0,0.8,Checks,6627,5858,769,159,0.8839595593783008,0.02714236940935473,0.023280788856429507,0.03162373125206336,23.99275690357628,205030.0,2050.2999999999997,126131.34,155096.64,76848.35999999999,178.20833333333334,2.811861827875861
35.0,750.0,0.8,Checks + score,6627,5795,832,146,0.8744529953221669,0.025194132873166523,0.02146282204151792,0.029554539770882675,22.031084955485138,202825.0,2028.2499999999998,115598.45000000001,146746.7,85198.29999999999,190.54583333333332,3.041881067350736
35.0,750.0,0.805,Manual,6627,0,6627,0,0.0,,,,0.0,0.0,0.0,0.0,231945.0,0.0,1325.4,24.2
35.0,750.0,0.805,Checks,6627,5858,769,159,0.8839595593783008,0.02714236940935473,0.023280788856429507,0.03162373125206336,23.99275690357628,205030.0,2050.2999999999997,126131.34,155096.64,76848.35999999999,178.20833333333334,2.811861827875861
35.0,750.0,0.805,Checks + score,6627,5792,835,146,0.8740003017956843,0.02520718232044199,0.021473958379143225,0.02956981065691877,22.031084955485138,202720.0,2027.1999999999998,115598.45000000001,146850.65000000002,85094.34999999998,191.13333333333333,3.0528343644685885
35.0,750.0,0.81,Manual,6627,0,6627,0,0.0,,,,0.0,0.0,0.0,0.0,231945.0,0.0,1325.4,24.2
35.0,750.0,0.81,Checks,6627,5858,769,159,0.8839595593783008,0.02714236940935473,0.023280788856429507,0.03162373125206336,23.99275690357628,205030.0,2050.2999999999997,126131.34,155096.64,76848.35999999999,178.20833333333334,2.811861827875861
35.0,750.0,0.81,Checks + score,6627,5786,841,145,0.8730949147427192,0.02506049083995852,0.021337001341170954,0.02941423164592838,21.88018711332428,202510.0,2025.1,114838.44,146298.54,85646.45999999999,192.30833333333334,3.074740958704291
35.0,750.0,0.8150000000000001,Manual,6627,0,6627,0,0.0,,,,0.0,0.0,0.0,0.0,231945.0,0.0,1325.4,24.2
35.0,750.0,0.8150000000000001,Checks,6627,5858,769,159,0.8839595593783008,0.02714236940935473,0.023280788856429507,0.03162373125206336,23.99275690357628,205030.0,2050.2999999999997,126131.34,155096.64,76848.35999999999,178.20833333333334,2.811861827875861
35.0,750.0,0.8150000000000001,Checks + score,6627,5777,850,145,0.8717368341632714,0.025099532629392417,0.02137030065288654,0.02945994524072175,21.88018711332428,202195.0,2021.9499999999998,114838.44,146610.39,85334.60999999999,194.07083333333333,3.1076008500578443
35.0,750.0,0.8200000000000001,Manual,6627,0,6627,0,0.0,,,,0.0,0.0,0.0,0.0,231945.0,0.0,1325.4,24.2
35.0,750.0,0.8200000000000001,Checks,6627,5858,769,159,0.8839595593783008,0.02714236940935473,0.023280788856429507,0.03162373125206336,23.99275690357628,205030.0,2050.2999999999997,126131.34,155096.64,76848.35999999999,178.20833333333334,2.811861827875861
35.0,750.0,0.8200000000000001,Checks + score,6627,5773,854,144,0.871133242794628,0.02494370344708124,0.021225559684601276,0.02929367213923824,21.729289271163424,202055.0,2020.55,114052.5,145963.05000000002,85981.94999999998,194.85416666666666,3.1222052462149787
35.0,750.0,0.8250000000000001,Manual,6627,0,6627,0,0.0,,,,0.0,0.0,0.0,0.0,231945.0,0.0,1325.4,24.2
35.0,750.0,0.8250000000000001,Checks,6627,5858,769,159,0.8839595593783008,0.02714236940935473,0.023280788856429507,0.03162373125206336,23.99275690357628,205030.0,2050.2999999999997,126131.34,155096.64,76848.35999999999,178.20833333333334,2.811861827875861
35.0,750.0,0.8250000000000001,Checks + score,6627,5764,863,142,0.8697751622151804,0.024635669673837613,0.02093926415382383,0.02896529633202585,21.42749358684171,201740.0,2017.3999999999999,112444.68000000001,144667.08000000002,87277.91999999998,196.61666666666667,3.1550651375685326
35.0,750.0,0.8300000000000001,Manual,6627,0,6627,0,0.0,,,,0.0,0.0,0.0,0.0,231945.0,0.0,1325.4,24.2
35.0,750.0,0.8300000000000001,Checks,6627,5858,769,159,0.8839595593783008,0.02714236940935473,0.023280788856429507,0.03162373125206336,23.99275690357628,205030.0,2050.2999999999997,126131.34,155096.64,76848.35999999999,178.20833333333334,2.811861827875861
35.0,750.0,0.8300000000000001,Checks + score,6627,5753,874,141,0.8681152859514109,0.024508951851208067,0.02081939397173556,0.028833109929014465,21.27659574468085,201355.0,2013.55,111610.92,144214.47000000003,87730.52999999997,198.77083333333334,3.195227227000654
35.0,750.0,0.8350000000000001,Manual,6627,0,6627,0,0.0,,,,0.0,0.0,0.0,0.0,231945.0,0.0,1325.4,24.2
35.0,750.0,0.8350000000000001,Checks,6627,5858,769,159,0.8839595593783008,0.02714236940935473,0.023280788856429507,0.03162373125206336,23.99275690357628,205030.0,2050.2999999999997,126131.34,155096.64,76848.35999999999,178.20833333333334,2.811861827875861
35.0,750.0,0.8350000000000001,Checks + score,6627,5746,881,140,0.8670590010562849,0.024364775495997214,0.020684681172439507,0.02868043525094161,21.125697902519995,201110.0,2011.1,110777.16,143623.26,88321.73999999999,200.14166666666668,3.2207849202756402
35.0,750.0,0.8400000000000001,Manual,6627,0,6627,0,0.0,,,,0.0,0.0,0.0,0.0,231945.0,0.0,1325.4,24.2
35.0,750.0,0.8400000000000001,Checks,6627,5858,769,159,0.8839595593783008,0.02714236940935473,0.023280788856429507,0.03162373125206336,23.99275690357628,205030.0,2050.2999999999997,126131.34,155096.64,76848.35999999999,178.20833333333334,2.811861827875861
35.0,750.0,0.8400000000000001,Checks + score,6627,5737,890,138,0.8657009204768372,0.024054383824298413,0.020396602765711022,0.02834914210904741,20.82390221819828,200795.0,2007.9499999999998,109256.81,142414.76,89530.23999999999,201.90416666666667,3.2536448116291936
35.0,750.0,0.8450000000000001,Manual,6627,0,6627,0,0.0,,,,0.0,0.0,0.0,0.0,231945.0,0.0,1325.4,24.2
35.0,750.0,0.8450000000000001,Checks,6627,5858,769,159,0.8839595593783008,0.02714236940935473,0.023280788856429507,0.03162373125206336,23.99275690357628,205030.0,2050.2999999999997,126131.34,155096.64,76848.35999999999,178.20833333333334,2.811861827875861
35.0,750.0,0.8450000000000001,Checks + score,6627,5726,901,137,0.8640410442130677,0.023925951798812434,0.020275333518797057,0.028214942372948363,20.673004376037422,200410.0,2004.1,108496.47,142035.57,89909.43,204.05833333333334,3.293806901061315
35.0,750.0,0.8500000000000001,Manual,6627,0,6627,0,0.0,,,,0.0,0.0,0.0,0.0,231945.0,0.0,1325.4,24.2
35.0,750.0,0.8500000000000001,Checks,6627,5858,769,159,0.8839595593783008,0.02714236940935473,0.023280788856429507,0.03162373125206336,23.99275690357628,205030.0,2050.2999999999997,126131.34,155096.64,76848.35999999999,178.20833333333334,2.811861827875861
35.0,750.0,0.8500000000000001,Checks + score,6627,5716,911,136,0.8625320657914591,0.023792862141357594,0.020150119062553574,0.028075272353880056,20.522106533876567,200060.0,2000.6,107662.70999999999,141548.31,90396.69,206.01666666666668,3.3303178914541522
35.0,750.0,0.8550000000000001,Manual,6627,0,6627,0,0.0,,,,0.0,0.0,0.0,0.0,231945.0,0.0,1325.4,24.2
35.0,750.0,0.8550000000000001,Checks,6627,5858,769,159,0.8839595593783008,0.02714236940935473,0.023280788856429507,0.03162373125206336,23.99275690357628,205030.0,2050.2999999999997,126131.34,155096.64,76848.35999999999,178.20833333333334,2.811861827875861
35.0,750.0,0.8550000000000001,Checks + score,6627,5703,924,135,0.8605703938433681,0.02367175170962651,0.020035071597526283,0.02794971914907513,20.371208691715708,199605.0,1996.05,106828.95000000001,141165.0,90780.0,208.5625,3.377782178964841
35.0,750.0,0.8600000000000001,Manual,6627,0,6627,0,0.0,,,,0.0,0.0,0.0,0.0,231945.0,0.0,1325.4,24.2
35.0,750.0,0.8600000000000001,Checks,6627,5858,769,159,0.8839595593783008,0.02714236940935473,0.023280788856429507,0.03162373125206336,23.99275690357628,205030.0,2050.2999999999997,126131.34,155096.64,76848.35999999999,178.20833333333334,2.811861827875861
35.0,750.0,0.8600000000000001,Checks + score,6627,5687,940,131,0.8581560283687943,0.023034992087216457,0.01944605414835017,0.02726788004373839,19.76761732307228,199045.0,1990.4499999999998,103603.64000000001,138494.09,93450.91,211.69583333333333,3.4361997635933808
35.0,750.0,0.8650000000000001,Manual,6627,0,6627,0,0.0,,,,0.0,0.0,0.0,0.0,231945.0,0.0,1325.4,24.2
35.0,750.0,0.8650000000000001,Checks,6627,5858,769,159,0.8839595593783008,0.02714236940935473,0.023280788856429507,0.03162373125206336,23.99275690357628,205030.0,2050.2999999999997,126131.34,155096.64,76848.35999999999,178.20833333333334,2.811861827875861
35.0,750.0,0.8650000000000001,Checks + score,6627,5662,965,127,0.8543835823147728,0.022430236665489225,0.018884668399166034,0.026623416401510364,19.16402595442885,198170.0,1981.6999999999998,100513.62,136270.32,95674.68,216.59166666666667,3.5274772395754743
35.0,750.0,0.8700000000000001,Manual,6627,0,6627,0,0.0,,,,0.0,0.0,0.0,0.0,231945.0,0.0,1325.4,24.2
35.0,750.0,0.8700000000000001,Checks,6627,5858,769,159,0.8839595593783008,0.02714236940935473,0.023280788856429507,0.03162373125206336,23.99275690357628,205030.0,2050.2999999999997,126131.34,155096.64,76848.35999999999,178.20833333333334,2.811861827875861
35.0,750.0,0.8700000000000001,Checks + score,6627,5641,986,124,0.8512147276293949,0.021981918099627726,0.018468380720237786,0.026146086406705155,18.71133242794628,197435.0,1974.35,98225.29999999999,134709.65000000002,97235.34999999998,220.70416666666668,3.6041503194004325
35.0,750.0,0.8750000000000001,Manual,6627,0,6627,0,0.0,,,,0.0,0.0,0.0,0.0,231945.0,0.0,1325.4,24.2
35.0,750.0,0.8750000000000001,Checks,6627,5858,769,159,0.8839595593783008,0.02714236940935473,0.023280788856429507,0.03162373125206336,23.99275690357628,205030.0,2050.2999999999997,126131.34,155096.64,76848.35999999999,178.20833333333334,2.811861827875861
35.0,750.0,0.8750000000000001,Checks + score,6627,5624,1003,123,0.8486494643126603,0.021870554765291608,0.018361698421676585,0.026032159429617605,18.560434585785423,196840.0,1968.3999999999999,97391.54,134464.94,97480.06,224.03333333333333,3.666219003068256
35.0,750.0,0.8800000000000001,Manual,6627,0,6627,0,0.0,,,,0.0,0.0,0.0,0.0,231945.0,0.0,1325.4,24.2
35.0,750.0,0.8800000000000001,Checks,6627,5858,769,159,0.8839595593783008,0.02714236940935473,0.023280788856429507,0.03162373125206336,23.99275690357628,205030.0,2050.2999999999997,126131.34,155096.64,76848.35999999999,178.20833333333334,2.811861827875861
35.0,750.0,0.8800000000000001,Checks + score,6627,5605,1022,121,0.8457824053116041,0.021587867975022303,0.01809793664949092,0.025733146046800597,18.25863890146371,196175.0,1961.7499999999998,95809.32,133541.07,98403.93,227.75416666666666,3.735589884814647
35.0,750.0,0.8850000000000001,Manual,6627,0,6627,0,0.0,,,,0.0,0.0,0.0,0.0,231945.0,0.0,1325.4,24.2
35.0,750.0,0.8850000000000001,Checks,6627,5858,769,159,0.8839595593783008,0.02714236940935473,0.023280788856429507,0.03162373125206336,23.99275690357628,205030.0,2050.2999999999997,126131.34,155096.64,76848.35999999999,178.20833333333334,2.811861827875861
35.0,750.0,0.8850000000000001,Checks + score,6627,5582,1045,116,0.8423117549419044,0.020781082049444642,0.017355186765568353,0.02486613222063419,17.504149690659425,195370.0,1953.6999999999998,91853.51999999999,130382.22,101562.78,232.25833333333333,3.8195651627181735
35.0,750.0,0.8900000000000001,Manual,6627,0,6627,0,0.0,,,,0.0,0.0,0.0,0.0,231945.0,0.0,1325.4,24.2
35.0,750.0,0.8900000000000001,Checks,6627,5858,769,159,0.8839595593783008,0.02714236940935473,0.023280788856429507,0.03162373125206336,23.99275690357628,205030.0,2050.2999999999997,126131.34,155096.64,76848.35999999999,178.20833333333334,2.811861827875861
35.0,750.0,0.8900000000000001,Checks + score,6627,5551,1076,112,0.8376339218349178,0.0201765447667087,0.016795939666459748,0.024220819479291594,16.900558322015996,194285.0,1942.85,88725.68000000001,128328.53,103616.47,238.32916666666668,3.932749232935969
35.0,750.0,0.8950000000000001,Manual,6627,0,6627,0,0.0,,,,0.0,0.0,0.0,0.0,231945.0,0.0,1325.4,24.2
35.0,750.0,0.8950000000000001,Checks,6627,5858,769,159,0.8839595593783008,0.02714236940935473,0.023280788856429507,0.03162373125206336,23.99275690357628,205030.0,2050.2999999999997,126131.34,155096.64,76848.35999999999,178.20833333333334,2.811861827875861
35.0,750.0,0.8950000000000001,Checks + score,6627,5534,1093,110,0.8350686585181832,0.019877123238164075,0.016518896466457718,0.023901472364604548,16.598762637694282,193690.0,1936.8999999999999,87070.04000000001,127261.94000000002,104683.05999999998,241.65833333333333,3.9948179166037927
35.0,750.0,0.9000000000000001,Manual,6627,0,6627,0,0.0,,,,0.0,0.0,0.0,0.0,231945.0,0.0,1325.4,24.2
35.0,750.0,0.9000000000000001,Checks,6627,5858,769,159,0.8839595593783008,0.02714236940935473,0.023280788856429507,0.03162373125206336,23.99275690357628,205030.0,2050.2999999999997,126131.34,155096.64,76848.35999999999,178.20833333333334,2.811861827875861
35.0,750.0,0.9000000000000001,Checks + score,6627,5512,1115,107,0.8317489059906443,0.019412191582002903,0.016090468700030117,0.02340334127449852,16.14606911121171,192920.0,1929.1999999999998,84642.18,125596.38,106348.62,245.96666666666667,4.075142095468035
35.0,750.0,0.9050000000000001,Manual,6627,0,6627,0,0.0,,,,0.0,0.0,0.0,0.0,231945.0,0.0,1325.4,24.2
35.0,750.0,0.9050000000000001,Checks,6627,5858,769,159,0.8839595593783008,0.02714236940935473,0.023280788856429507,0.03162373125206336,23.99275690357628,205030.0,2050.2999999999997,126131.34,155096.64,76848.35999999999,178.20833333333334,2.811861827875861
35.0,750.0,0.9050000000000001,Checks + score,6627,5488,1139,101,0.8281273577787838,0.018403790087463557,0.015169928434003768,0.022311414800659082,15.240682058246566,192080.0,1920.8,79826.69,121612.49,110332.51,250.66666666666666,4.1627684724108445
35.0,750.0,0.9100000000000001,Manual,6627,0,6627,0,0.0,,,,0.0,0.0,0.0,0.0,231945.0,0.0,1325.4,24.2
35.0,750.0,0.9100000000000001,Checks,6627,5858,769,159,0.8839595593783008,0.02714236940935473,0.023280788856429507,0.03162373125206336,23.99275690357628,205030.0,2050.2999999999997,126131.34,155096.64,76848.35999999999,178.20833333333334,2.811861827875861
35.0,750.0,0.9100000000000001,Checks + score,6627,5452,1175,92,0.8226950354609929,0.016874541452677916,0.013780042630554207,0.020649402681787707,13.882601478798852,190820.0,1908.1999999999998,72577.92,115611.12000000001,116333.87999999999,257.71666666666664,4.294208037825059
35.0,750.0,0.9150000000000001,Manual,6627,0,6627,0,0.0,,,,0.0,0.0,0.0,0.0,231945.0,0.0,1325.4,24.2
35.0,750.0,0.9150000000000001,Checks,6627,5858,769,159,0.8839595593783008,0.02714236940935473,0.023280788856429507,0.03162373125206336,23.99275690357628,205030.0,2050.2999999999997,126131.34,155096.64,76848.35999999999,178.20833333333334,2.811861827875861
35.0,750.0,0.9150000000000001,Checks + score,6627,5415,1212,85,0.8171118153010412,0.01569713758079409,0.012713100176170378,0.019367852328512538,12.826316583672854,189525.0,1895.2499999999998,67124.33,111439.58,120505.42,264.9625,4.429298702278557
35.0,750.0,0.9200000000000002,Manual,6627,0,6627,0,0.0,,,,0.0,0.0,0.0,0.0,231945.0,0.0,1325.4,24.2
35.0,750.0,0.9200000000000002,Checks,6627,5858,769,159,0.8839595593783008,0.02714236940935473,0.023280788856429507,0.03162373125206336,23.99275690357628,205030.0,2050.2999999999997,126131.34,155096.64,76848.35999999999,178.20833333333334,2.811861827875861
35.0,750.0,0.9200000000000002,Checks + score,6627,5386,1241,79,0.8127357778783764,0.014667656888228742,0.011785471008878267,0.01824168229373456,11.920929530707712,188510.0,1885.1,62464.64000000001,107784.73999999999,124160.26000000001,270.64166666666665,4.535180574417786
35.0,750.0,0.9250000000000002,Manual,6627,0,6627,0,0.0,,,,0.0,0.0,0.0,0.0,231945.0,0.0,1325.4,24.2
35.0,750.0,0.9250000000000002,Checks,6627,5858,769,159,0.8839595593783008,0.02714236940935473,0.023280788856429507,0.03162373125206336,23.99275690357628,205030.0,2050.2999999999997,126131.34,155096.64,76848.35999999999,178.20833333333334,2.811861827875861
35.0,750.0,0.9250000000000002,Checks + score,6627,5350,1277,77,0.8073034555605855,0.014392523364485982,0.011531605072402532,0.017950328050161272,11.619133846385997,187250.0,1872.4999999999998,60894.64000000001,107462.14,124482.86,277.69166666666666,4.666620139832
35.0,750.0,0.9300000000000002,Manual,6627,0,6627,0,0.0,,,,0.0,0.0,0.0,0.0,231945.0,0.0,1325.4,24.2
35.0,750.0,0.9300000000000002,Checks,6627,5858,769,159,0.8839595593783008,0.02714236940935473,0.023280788856429507,0.03162373125206336,23.99275690357628,205030.0,2050.2999999999997,126131.34,155096.64,76848.35999999999,178.20833333333334,2.811861827875861
35.0,750.0,0.9300000000000002,Checks + score,6627,5323,1304,74,0.8032292138222423,0.013901934999060681,0.01108875287653712,0.017416243404936693,11.166440319903426,186305.0,1863.05,58514.98,106018.03,125926.97,282.9791666666667,4.765199813892661
35.0,750.0,0.9350000000000002,Manual,6627,0,6627,0,0.0,,,,0.0,0.0,0.0,0.0,231945.0,0.0,1325.4,24.2
35.0,750.0,0.9350000000000002,Checks,6627,5858,769,159,0.8839595593783008,0.02714236940935473,0.023280788856429507,0.03162373125206336,23.99275690357628,205030.0,2050.2999999999997,126131.34,155096.64,76848.35999999999,178.20833333333334,2.811861827875861
35.0,750.0,0.9350000000000002,Checks + score,6627,5283,1344,70,0.797193300135808,0.013250047321597578,0.010501243438891653,0.01670622954460004,10.562848951259998,184905.0,1849.05,55282.090000000004,104171.14,127773.86,290.8125,4.911243775464011
35.0,750.0,0.9400000000000002,Manual,6627,0,6627,0,0.0,,,,0.0,0.0,0.0,0.0,231945.0,0.0,1325.4,24.2
35.0,750.0,0.9400000000000002,Checks,6627,5858,769,159,0.8839595593783008,0.02714236940935473,0.023280788856429507,0.03162373125206336,23.99275690357628,205030.0,2050.2999999999997,126131.34,155096.64,76848.35999999999,178.20833333333334,2.811861827875861
35.0,750.0,0.9400000000000002,Checks + score,6627,5243,1384,66,0.7911573864493737,0.012588212855235552,0.009907305272388806,0.015982860727667303,9.95925758261657,183505.0,1835.05,52142.09,102417.13999999998,129527.86000000002,298.6458333333333,5.0572877370353595
35.0,750.0,0.9450000000000002,Manual,6627,0,6627,0,0.0,,,,0.0,0.0,0.0,0.0,231945.0,0.0,1325.4,24.2
35.0,750.0,0.9450000000000002,Checks,6627,5858,769,159,0.8839595593783008,0.02714236940935473,0.023280788856429507,0.03162373125206336,23.99275690357628,205030.0,2050.2999999999997,126131.34,155096.64,76848.35999999999,178.20833333333334,2.811861827875861
35.0,750.0,0.9450000000000002,Checks + score,6627,5207,1420,64,0.7857250641315829,0.012291146533512579,0.009637508078914411,0.01566389428956288,9.657461898294855,182245.0,1822.4499999999998,50572.09,102094.54000000001,129850.45999999999,305.6958333333333,5.188727302449575
35.0,750.0,0.9500000000000002,Manual,6627,0,6627,0,0.0,,,,0.0,0.0,0.0,0.0,231945.0,0.0,1325.4,24.2
35.0,750.0,0.9500000000000002,Checks,6627,5858,769,159,0.8839595593783008,0.02714236940935473,0.023280788856429507,0.03162373125206336,23.99275690357628,205030.0,2050.2999999999997,126131.34,155096.64,76848.35999999999,178.20833333333334,2.811861827875861
35.0,750.0,0.9500000000000002,Checks + score,6627,5170,1457,59,0.7801418439716312,0.011411992263056094,0.008857861063147038,0.0146916809251504,8.90297268749057,180950.0,1809.4999999999998,46727.15000000001,99531.65,132413.35,312.94166666666666,5.323817966903073
35.0,750.0,0.9550000000000002,Manual,6627,0,6627,0,0.0,,,,0.0,0.0,0.0,0.0,231945.0,0.0,1325.4,24.2
35.0,750.0,0.9550000000000002,Checks,6627,5858,769,159,0.8839595593783008,0.02714236940935473,0.023280788856429507,0.03162373125206336,23.99275690357628,205030.0,2050.2999999999997,126131.34,155096.64,76848.35999999999,178.20833333333334,2.811861827875861
35.0,750.0,0.9550000000000002,Checks + score,6627,5123,1504,59,0.7730496453900709,0.011516689439781378,0.00893921830467818,0.014826212638224364,8.90297268749057,179305.0,1793.05,46727.15000000001,101160.2,130784.8,322.1458333333333,5.4954196217494085
35.0,750.0,0.9600000000000002,Manual,6627,0,6627,0,0.0,,,,0.0,0.0,0.0,0.0,231945.0,0.0,1325.4,24.2
35.0,750.0,0.9600000000000002,Checks,6627,5858,769,159,0.8839595593783008,0.02714236940935473,0.023280788856429507,0.03162373125206336,23.99275690357628,205030.0,2050.2999999999997,126131.34,155096.64,76848.35999999999,178.20833333333334,2.811861827875861
35.0,750.0,0.9600000000000002,Checks + score,6627,5045,1582,54,0.7612796137015241,0.010703666997026759,0.008213149869281452,0.01393878296220211,8.148483476686284,176575.0,1765.75,42741.17,99876.91999999998,132068.08000000002,337.42083333333335,5.780205346813541
35.0,750.0,0.9650000000000002,Manual,6627,0,6627,0,0.0,,,,0.0,0.0,0.0,0.0,231945.0,0.0,1325.4,24.2
35.0,750.0,0.9650000000000002,Checks,6627,5858,769,159,0.8839595593783008,0.02714236940935473,0.023280788856429507,0.03162373125206336,23.99275690357628,205030.0,2050.2999999999997,126131.34,155096.64,76848.35999999999,178.20833333333334,2.811861827875861
35.0,750.0,0.9650000000000002,Checks + score,6627,4938,1689,48,0.7451335445903123,0.009720534629404616,0.0073397435403957465,0.012863574995754827,7.24309642372114,172830.0,1728.3,38067.380000000005,98910.68,133034.32,358.375,6.1708729440168995
35.0,750.0,0.9700000000000002,Manual,6627,0,6627,0,0.0,,,,0.0,0.0,0.0,0.0,231945.0,0.0,1325.4,24.2
35.0,750.0,0.9700000000000002,Checks,6627,5858,769,159,0.8839595593783008,0.02714236940935473,0.023280788856429507,0.03162373125206336,23.99275690357628,205030.0,2050.2999999999997,126131.34,155096.64,76848.35999999999,178.20833333333334,2.811861827875861
35.0,750.0,0.9700000000000002,Checks + score,6627,4747,1880,45,0.7163120567375887,0.009479671371392459,0.007092420282645978,0.012660206283560734,6.790402897238569,166145.0,1661.4499999999998,35727.53,103188.98,128756.02,395.77916666666664,6.868232860520095
35.0,750.0,0.9750000000000002,Manual,6627,0,6627,0,0.0,,,,0.0,0.0,0.0,0.0,231945.0,0.0,1325.4,24.2
35.0,750.0,0.9750000000000002,Checks,6627,5858,769,159,0.8839595593783008,0.02714236940935473,0.023280788856429507,0.03162373125206336,23.99275690357628,205030.0,2050.2999999999997,126131.34,155096.64,76848.35999999999,178.20833333333334,2.811861827875861
35.0,750.0,0.9750000000000002,Checks + score,6627,4406,2221,41,0.6648558925607364,0.009305492510213346,0.0068670017703016464,0.01259891283307096,6.1868115285951415,154210.0,1542.1,32496.090000000004,111773.19,120171.81,462.55833333333334,8.113257632915849
35.0,750.0,0.9800000000000002,Manual,6627,0,6627,0,0.0,,,,0.0,0.0,0.0,0.0,231945.0,0.0,1325.4,24.2
35.0,750.0,0.9800000000000002,Checks,6627,5858,769,159,0.8839595593783008,0.02714236940935473,0.023280788856429507,0.03162373125206336,23.99275690357628,205030.0,2050.2999999999997,126131.34,155096.64,76848.35999999999,178.20833333333334,2.811861827875861
35.0,750.0,0.9800000000000002,Checks + score,6627,3798,2829,36,0.5731100045269353,0.009478672985781991,0.006854599203619891,0.01309404884105404,5.432322317790856,132930.0,1329.3,28621.63,128965.93,102979.07,581.625,10.333125848800362
35.0,750.0,0.9850000000000002,Manual,6627,0,6627,0,0.0,,,,0.0,0.0,0.0,0.0,231945.0,0.0,1325.4,24.2
35.0,750.0,0.9850000000000002,Checks,6627,5858,769,159,0.8839595593783008,0.02714236940935473,0.023280788856429507,0.03162373125206336,23.99275690357628,205030.0,2050.2999999999997,126131.34,155096.64,76848.35999999999,178.20833333333334,2.811861827875861
35.0,750.0,0.9850000000000002,Checks + score,6627,2521,4106,23,0.38041346008752075,0.009123363744545815,0.006087046570257206,0.01365343932794726,3.470650369699713,88235.0,882.3499999999999,18206.53,162798.88,69146.12,831.7041666666667,14.995579321965696
35.0,750.0,0.9900000000000002,Manual,6627,0,6627,0,0.0,,,,0.0,0.0,0.0,0.0,231945.0,0.0,1325.4,24.2
35.0,750.0,0.9900000000000002,Checks,6627,5858,769,159,0.8839595593783008,0.02714236940935473,0.023280788856429507,0.03162373125206336,23.99275690357628,205030.0,2050.2999999999997,126131.34,155096.64,76848.35999999999,178.20833333333334,2.811861827875861
35.0,750.0,0.9900000000000002,Checks + score,6627,610,6017,5,0.09204768371812283,0.00819672131147541,0.003506033552696567,0.0190431061602196,0.7544892108042855,21350.0,213.5,3949.71,214758.21000000002,17186.78999999998,1205.9416666666666,21.972829586036916
35.0,750.0,0.9950000000000002,Manual,6627,0,6627,0,0.0,,,,0.0,0.0,0.0,0.0,231945.0,0.0,1325.4,24.2
35.0,750.0,0.9950000000000002,Checks,6627,5858,769,159,0.8839595593783008,0.02714236940935473,0.023280788856429507,0.03162373125206336,23.99275690357628,205030.0,2050.2999999999997,126131.34,155096.64,76848.35999999999,178.20833333333334,2.811861827875861
35.0,750.0,0.9950000000000002,Checks + score,6627,1,6626,0,0.0001508978421608571,0.0,0.0,0.7934567085261071,0.0,35.0,0.35,0.0,231910.35,34.64999999999418,1325.2041666666667,24.196348900960714
35.0,750.0,1.0,Manual,6627,0,6627,0,0.0,,,,0.0,0.0,0.0,0.0,231945.0,0.0,1325.4,24.2
35.0,750.0,1.0,Checks,6627,5858,769,159,0.8839595593783008,0.02714236940935473,0.023280788856429507,0.03162373125206336,23.99275690357628,205030.0,2050.2999999999997,126131.34,155096.64,76848.35999999999,178.20833333333334,2.811861827875861
35.0,750.0,1.0,Checks + score,6627,0,6627,0,0.0,,,,0.0,0.0,0.0,0.0,231945.0,0.0,1325.4,24.2
35.0,2000.0,0.8,Manual,6627,0,6627,0,0.0,,,,0.0,0.0,0.0,0.0,231945.0,0.0,1325.4,24.2
35.0,2000.0,0.8,Checks,6627,5858,769,159,0.8839595593783008,0.02714236940935473,0.023280788856429507,0.03162373125206336,23.99275690357628,205030.0,2050.2999999999997,324881.33999999997,353846.6399999999,-121901.6399999999,178.20833333333334,2.811861827875861
35.0,2000.0,0.8,Checks + score,6627,5795,832,146,0.8744529953221669,0.025194132873166523,0.02146282204151792,0.029554539770882675,22.031084955485138,202825.0,2028.2499999999998,298098.45,329246.69999999995,-97301.69999999995,190.54583333333332,3.041881067350736
35.0,2000.0,0.805,Manual,6627,0,6627,0,0.0,,,,0.0,0.0,0.0,0.0,231945.0,0.0,1325.4,24.2
35.0,2000.0,0.805,Checks,6627,5858,769,159,0.8839595593783008,0.02714236940935473,0.023280788856429507,0.03162373125206336,23.99275690357628,205030.0,2050.2999999999997,324881.33999999997,353846.6399999999,-121901.6399999999,178.20833333333334,2.811861827875861
35.0,2000.0,0.805,Checks + score,6627,5792,835,146,0.8740003017956843,0.02520718232044199,0.021473958379143225,0.02956981065691877,22.031084955485138,202720.0,2027.1999999999998,298098.45,329350.6499999999,-97405.6499999999,191.13333333333333,3.0528343644685885
35.0,2000.0,0.81,Manual,6627,0,6627,0,0.0,,,,0.0,0.0,0.0,0.0,231945.0,0.0,1325.4,24.2
35.0,2000.0,0.81,Checks,6627,5858,769,159,0.8839595593783008,0.02714236940935473,0.023280788856429507,0.03162373125206336,23.99275690357628,205030.0,2050.2999999999997,324881.33999999997,353846.6399999999,-121901.6399999999,178.20833333333334,2.811861827875861
35.0,2000.0,0.81,Checks + score,6627,5786,841,145,0.8730949147427192,0.02506049083995852,0.021337001341170954,0.02941423164592838,21.88018711332428,202510.0,2025.1,296088.44,327548.5399999999,-95603.53999999992,192.30833333333334,3.074740958704291
35.0,2000.0,0.8150000000000001,Manual,6627,0,6627,0,0.0,,,,0.0,0.0,0.0,0.0,231945.0,0.0,1325.4,24.2
35.0,2000.0,0.8150000000000001,Checks,6627,5858,769,159,0.8839595593783008,0.02714236940935473,0.023280788856429507,0.03162373125206336,23.99275690357628,205030.0,2050.2999999999997,324881.33999999997,353846.6399999999,-121901.6399999999,178.20833333333334,2.811861827875861
35.0,2000.0,0.8150000000000001,Checks + score,6627,5777,850,145,0.8717368341632714,0.025099532629392417,0.02137030065288654,0.02945994524072175,21.88018711332428,202195.0,2021.9499999999998,296088.44,327860.3899999999,-95915.3899999999,194.07083333333333,3.1076008500578443
35.0,2000.0,0.8200000000000001,Manual,6627,0,6627,0,0.0,,,,0.0,0.0,0.0,0.0,231945.0,0.0,1325.4,24.2
35.0,2000.0,0.8200000000000001,Checks,6627,5858,769,159,0.8839595593783008,0.02714236940935473,0.023280788856429507,0.03162373125206336,23.99275690357628,205030.0,2050.2999999999997,324881.33999999997,353846.6399999999,-121901.6399999999,178.20833333333334,2.811861827875861
35.0,2000.0,0.8200000000000001,Checks + score,6627,5773,854,144,0.871133242794628,0.02494370344708124,0.021225559684601276,0.02929367213923824,21.729289271163424,202055.0,2020.55,294052.5,325963.04999999993,-94018.04999999993,194.85416666666666,3.1222052462149787
35.0,2000.0,0.8250000000000001,Manual,6627,0,6627,0,0.0,,,,0.0,0.0,0.0,0.0,231945.0,0.0,1325.4,24.2
35.0,2000.0,0.8250000000000001,Checks,6627,5858,769,159,0.8839595593783008,0.02714236940935473,0.023280788856429507,0.03162373125206336,23.99275690357628,205030.0,2050.2999999999997,324881.33999999997,353846.6399999999,-121901.6399999999,178.20833333333334,2.811861827875861
35.0,2000.0,0.8250000000000001,Checks + score,6627,5764,863,142,0.8697751622151804,0.024635669673837613,0.02093926415382383,0.02896529633202585,21.42749358684171,201740.0,2017.3999999999999,289944.68,322167.0799999999,-90222.0799999999,196.61666666666667,3.1550651375685326
35.0,2000.0,0.8300000000000001,Manual,6627,0,6627,0,0.0,,,,0.0,0.0,0.0,0.0,231945.0,0.0,1325.4,24.2
35.0,2000.0,0.8300000000000001,Checks,6627,5858,769,159,0.8839595593783008,0.02714236940935473,0.023280788856429507,0.03162373125206336,23.99275690357628,205030.0,2050.2999999999997,324881.33999999997,353846.6399999999,-121901.6399999999,178.20833333333334,2.811861827875861
35.0,2000.0,0.8300000000000001,Checks + score,6627,5753,874,141,0.8681152859514109,0.024508951851208067,0.02081939397173556,0.028833109929014465,21.27659574468085,201355.0,2013.55,287860.92,320464.4699999999,-88519.46999999991,198.77083333333334,3.195227227000654
35.0,2000.0,0.8350000000000001,Manual,6627,0,6627,0,0.0,,,,0.0,0.0,0.0,0.0,231945.0,0.0,1325.4,24.2
35.0,2000.0,0.8350000000000001,Checks,6627,5858,769,159,0.8839595593783008,0.02714236940935473,0.023280788856429507,0.03162373125206336,23.99275690357628,205030.0,2050.2999999999997,324881.33999999997,353846.6399999999,-121901.6399999999,178.20833333333334,2.811861827875861
35.0,2000.0,0.8350000000000001,Checks + score,6627,5746,881,140,0.8670590010562849,0.024364775495997214,0.020684681172439507,0.02868043525094161,21.125697902519995,201110.0,2011.1,285777.16000000003,318623.2599999999,-86678.2599999999,200.14166666666668,3.2207849202756402
35.0,2000.0,0.8400000000000001,Manual,6627,0,6627,0,0.0,,,,0.0,0.0,0.0,0.0,231945.0,0.0,1325.4,24.2
35.0,2000.0,0.8400000000000001,Checks,6627,5858,769,159,0.8839595593783008,0.02714236940935473,0.023280788856429507,0.03162373125206336,23.99275690357628,205030.0,2050.2999999999997,324881.33999999997,353846.6399999999,-121901.6399999999,178.20833333333334,2.811861827875861
35.0,2000.0,0.8400000000000001,Checks + score,6627,5737,890,138,0.8657009204768372,0.024054383824298413,0.020396602765711022,0.02834914210904741,20.82390221819828,200795.0,2007.9499999999998,281756.81000000006,314914.7599999999,-82969.7599999999,201.90416666666667,3.2536448116291936
35.0,2000.0,0.8450000000000001,Manual,6627,0,6627,0,0.0,,,,0.0,0.0,0.0,0.0,231945.0,0.0,1325.4,24.2
35.0,2000.0,0.8450000000000001,Checks,6627,5858,769,159,0.8839595593783008,0.02714236940935473,0.023280788856429507,0.03162373125206336,23.99275690357628,205030.0,2050.2999999999997,324881.33999999997,353846.6399999999,-121901.6399999999,178.20833333333334,2.811861827875861
35.0,2000.0,0.8450000000000001,Checks + score,6627,5726,901,137,0.8640410442130677,0.023925951798812434,0.020275333518797057,0.028214942372948363,20.673004376037422,200410.0,2004.1,279746.47,313285.5699999999,-81340.56999999989,204.05833333333334,3.293806901061315
35.0,2000.0,0.8500000000000001,Manual,6627,0,6627,0,0.0,,,,0.0,0.0,0.0,0.0,231945.0,0.0,1325.4,24.2
35.0,2000.0,0.8500000000000001,Checks,6627,5858,769,159,0.8839595593783008,0.02714236940935473,0.023280788856429507,0.03162373125206336,23.99275690357628,205030.0,2050.2999999999997,324881.33999999997,353846.6399999999,-121901.6399999999,178.20833333333334,2.811861827875861
35.0,2000.0,0.8500000000000001,Checks + score,6627,5716,911,136,0.8625320657914591,0.023792862141357594,0.020150119062553574,0.028075272353880056,20.522106533876567,200060.0,2000.6,277662.71,311548.3099999999,-79603.30999999988,206.01666666666668,3.3303178914541522
35.0,2000.0,0.8550000000000001,Manual,6627,0,6627,0,0.0,,,,0.0,0.0,0.0,0.0,231945.0,0.0,1325.4,24.2
35.0,2000.0,0.8550000000000001,Checks,6627,5858,769,159,0.8839595593783008,0.02714236940935473,0.023280788856429507,0.03162373125206336,23.99275690357628,205030.0,2050.2999999999997,324881.33999999997,353846.6399999999,-121901.6399999999,178.20833333333334,2.811861827875861
35.0,2000.0,0.8550000000000001,Checks + score,6627,5703,924,135,0.8605703938433681,0.02367175170962651,0.020035071597526283,0.02794971914907513,20.371208691715708,199605.0,1996.05,275578.95,309914.9999999999,-77969.99999999988,208.5625,3.377782178964841
35.0,2000.0,0.8600000000000001,Manual,6627,0,6627,0,0.0,,,,0.0,0.0,0.0,0.0,231945.0,0.0,1325.4,24.2
35.0,2000.0,0.8600000000000001,Checks,6627,5858,769,159,0.8839595593783008,0.02714236940935473,0.023280788856429507,0.03162373125206336,23.99275690357628,205030.0,2050.2999999999997,324881.33999999997,353846.6399999999,-121901.6399999999,178.20833333333334,2.811861827875861
35.0,2000.0,0.8600000000000001,Checks + score,6627,5687,940,131,0.8581560283687943,0.023034992087216457,0.01944605414835017,0.02726788004373839,19.76761732307228,199045.0,1990.4499999999998,267353.64,302244.08999999997,-70299.08999999997,211.69583333333333,3.4361997635933808
35.0,2000.0,0.8650000000000001,Manual,6627,0,6627,0,0.0,,,,0.0,0.0,0.0,0.0,231945.0,0.0,1325.4,24.2
35.0,2000.0,0.8650000000000001,Checks,6627,5858,769,159,0.8839595593783008,0.02714236940935473,0.023280788856429507,0.03162373125206336,23.99275690357628,205030.0,2050.2999999999997,324881.33999999997,353846.6399999999,-121901.6399999999,178.20833333333334,2.811861827875861
35.0,2000.0,0.8650000000000001,Checks + score,6627,5662,965,127,0.8543835823147728,0.022430236665489225,0.018884668399166034,0.026623416401510364,19.16402595442885,198170.0,1981.6999999999998,259263.62000000002,295020.3199999999,-63075.31999999989,216.59166666666667,3.5274772395754743
35.0,2000.0,0.8700000000000001,Manual,6627,0,6627,0,0.0,,,,0.0,0.0,0.0,0.0,231945.0,0.0,1325.4,24.2
35.0,2000.0,0.8700000000000001,Checks,6627,5858,769,159,0.8839595593783008,0.02714236940935473,0.023280788856429507,0.03162373125206336,23.99275690357628,205030.0,2050.2999999999997,324881.33999999997,353846.6399999999,-121901.6399999999,178.20833333333334,2.811861827875861
35.0,2000.0,0.8700000000000001,Checks + score,6627,5641,986,124,0.8512147276293949,0.021981918099627726,0.018468380720237786,0.026146086406705155,18.71133242794628,197435.0,1974.35,253225.30000000002,289709.6499999999,-57764.64999999991,220.70416666666668,3.6041503194004325
35.0,2000.0,0.8750000000000001,Manual,6627,0,6627,0,0.0,,,,0.0,0.0,0.0,0.0,231945.0,0.0,1325.4,24.2
35.0,2000.0,0.8750000000000001,Checks,6627,5858,769,159,0.8839595593783008,0.02714236940935473,0.023280788856429507,0.03162373125206336,23.99275690357628,205030.0,2050.2999999999997,324881.33999999997,353846.6399999999,-121901.6399999999,178.20833333333334,2.811861827875861
35.0,2000.0,0.8750000000000001,Checks + score,6627,5624,1003,123,0.8486494643126603,0.021870554765291608,0.018361698421676585,0.026032159429617605,18.560434585785423,196840.0,1968.3999999999999,251141.54000000004,288214.93999999994,-56269.939999999944,224.03333333333333,3.666219003068256
35.0,2000.0,0.8800000000000001,Manual,6627,0,6627,0,0.0,,,,0.0,0.0,0.0,0.0,231945.0,0.0,1325.4,24.2
35.0,2000.0,0.8800000000000001,Checks,6627,5858,769,159,0.8839595593783008,0.02714236940935473,0.023280788856429507,0.03162373125206336,23.99275690357628,205030.0,2050.2999999999997,324881.33999999997,353846.6399999999,-121901.6399999999,178.20833333333334,2.811861827875861
35.0,2000.0,0.8800000000000001,Checks + score,6627,5605,1022,121,0.8457824053116041,0.021587867975022303,0.01809793664949092,0.025733146046800597,18.25863890146371,196175.0,1961.7499999999998,247059.32,284791.0699999999,-52846.06999999989,227.75416666666666,3.735589884814647
35.0,2000.0,0.8850000000000001,Manual,6627,0,6627,0,0.0,,,,0.0,0.0,0.0,0.0,231945.0,0.0,1325.4,24.2
35.0,2000.0,0.8850000000000001,Checks,6627,5858,769,159,0.8839595593783008,0.02714236940935473,0.023280788856429507,0.03162373125206336,23.99275690357628,205030.0,2050.2999999999997,324881.33999999997,353846.6399999999,-121901.6399999999,178.20833333333334,2.811861827875861
35.0,2000.0,0.8850000000000001,Checks + score,6627,5582,1045,116,0.8423117549419044,0.020781082049444642,0.017355186765568353,0.02486613222063419,17.504149690659425,195370.0,1953.6999999999998,236853.52000000002,275382.2199999999,-43437.219999999914,232.25833333333333,3.8195651627181735
35.0,2000.0,0.8900000000000001,Manual,6627,0,6627,0,0.0,,,,0.0,0.0,0.0,0.0,231945.0,0.0,1325.4,24.2
35.0,2000.0,0.8900000000000001,Checks,6627,5858,769,159,0.8839595593783008,0.02714236940935473,0.023280788856429507,0.03162373125206336,23.99275690357628,205030.0,2050.2999999999997,324881.33999999997,353846.6399999999,-121901.6399999999,178.20833333333334,2.811861827875861
35.0,2000.0,0.8900000000000001,Checks + score,6627,5551,1076,112,0.8376339218349178,0.0201765447667087,0.016795939666459748,0.024220819479291594,16.900558322015996,194285.0,1942.85,228725.68,268328.5299999999,-36383.52999999991,238.32916666666668,3.932749232935969
35.0,2000.0,0.8950000000000001,Manual,6627,0,6627,0,0.0,,,,0.0,0.0,0.0,0.0,231945.0,0.0,1325.4,24.2
35.0,2000.0,0.8950000000000001,Checks,6627,5858,769,159,0.8839595593783008,0.02714236940935473,0.023280788856429507,0.03162373125206336,23.99275690357628,205030.0,2050.2999999999997,324881.33999999997,353846.6399999999,-121901.6399999999,178.20833333333334,2.811861827875861
35.0,2000.0,0.8950000000000001,Checks + score,6627,5534,1093,110,0.8350686585181832,0.019877123238164075,0.016518896466457718,0.023901472364604548,16.598762637694282,193690.0,1936.8999999999999,224570.03999999998,264761.93999999994,-32816.939999999944,241.65833333333333,3.9948179166037927
35.0,2000.0,0.9000000000000001,Manual,6627,0,6627,0,0.0,,,,0.0,0.0,0.0,0.0,231945.0,0.0,1325.4,24.2
35.0,2000.0,0.9000000000000001,Checks,6627,5858,769,159,0.8839595593783008,0.02714236940935473,0.023280788856429507,0.03162373125206336,23.99275690357628,205030.0,2050.2999999999997,324881.33999999997,353846.6399999999,-121901.6399999999,178.20833333333334,2.811861827875861
35.0,2000.0,0.9000000000000001,Checks + score,6627,5512,1115,107,0.8317489059906443,0.019412191582002903,0.016090468700030117,0.02340334127449852,16.14606911121171,192920.0,1929.1999999999998,218392.18,259346.37999999995,-27401.379999999946,245.96666666666667,4.075142095468035
35.0,2000.0,0.9050000000000001,Manual,6627,0,6627,0,0.0,,,,0.0,0.0,0.0,0.0,231945.0,0.0,1325.4,24.2
35.0,2000.0,0.9050000000000001,Checks,6627,5858,769,159,0.8839595593783008,0.02714236940935473,0.023280788856429507,0.03162373125206336,23.99275690357628,205030.0,2050.2999999999997,324881.33999999997,353846.6399999999,-121901.6399999999,178.20833333333334,2.811861827875861
35.0,2000.0,0.9050000000000001,Checks + score,6627,5488,1139,101,0.8281273577787838,0.018403790087463557,0.015169928434003768,0.022311414800659082,15.240682058246566,192080.0,1920.8,206076.69,247862.48999999993,-15917.489999999932,250.66666666666666,4.1627684724108445
35.0,2000.0,0.9100000000000001,Manual,6627,0,6627,0,0.0,,,,0.0,0.0,0.0,0.0,231945.0,0.0,1325.4,24.2
35.0,2000.0,0.9100000000000001,Checks,6627,5858,769,159,0.8839595593783008,0.02714236940935473,0.023280788856429507,0.03162373125206336,23.99275690357628,205030.0,2050.2999999999997,324881.33999999997,353846.6399999999,-121901.6399999999,178.20833333333334,2.811861827875861
35.0,2000.0,0.9100000000000001,Checks + score,6627,5452,1175,92,0.8226950354609929,0.016874541452677916,0.013780042630554207,0.020649402681787707,13.882601478798852,190820.0,1908.1999999999998,187577.92,230611.11999999994,1333.8800000000629,257.71666666666664,4.294208037825059
35.0,2000.0,0.9150000000000001,Manual,6627,0,6627,0,0.0,,,,0.0,0.0,0.0,0.0,231945.0,0.0,1325.4,24.2
35.0,2000.0,0.9150000000000001,Checks,6627,5858,769,159,0.8839595593783008,0.02714236940935473,0.023280788856429507,0.03162373125206336,23.99275690357628,205030.0,2050.2999999999997,324881.33999999997,353846.6399999999,-121901.6399999999,178.20833333333334,2.811861827875861
35.0,2000.0,0.9150000000000001,Checks + score,6627,5415,1212,85,0.8171118153010412,0.01569713758079409,0.012713100176170378,0.019367852328512538,12.826316583672854,189525.0,1895.2499999999998,173374.33,217689.57999999996,14255.420000000042,264.9625,4.429298702278557
35.0,2000.0,0.9200000000000002,Manual,6627,0,6627,0,0.0,,,,0.0,0.0,0.0,0.0,231945.0,0.0,1325.4,24.2
35.0,2000.0,0.9200000000000002,Checks,6627,5858,769,159,0.8839595593783008,0.02714236940935473,0.023280788856429507,0.03162373125206336,23.99275690357628,205030.0,2050.2999999999997,324881.33999999997,353846.6399999999,-121901.6399999999,178.20833333333334,2.811861827875861
35.0,2000.0,0.9200000000000002,Checks + score,6627,5386,1241,79,0.8127357778783764,0.014667656888228742,0.011785471008878267,0.01824168229373456,11.920929530707712,188510.0,1885.1,161214.64,206534.73999999996,25410.26000000004,270.64166666666665,4.535180574417786
35.0,2000.0,0.9250000000000002,Manual,6627,0,6627,0,0.0,,,,0.0,0.0,0.0,0.0,231945.0,0.0,1325.4,24.2
35.0,2000.0,0.9250000000000002,Checks,6627,5858,769,159,0.8839595593783008,0.02714236940935473,0.023280788856429507,0.03162373125206336,23.99275690357628,205030.0,2050.2999999999997,324881.33999999997,353846.6399999999,-121901.6399999999,178.20833333333334,2.811861827875861
35.0,2000.0,0.9250000000000002,Checks + score,6627,5350,1277,77,0.8073034555605855,0.014392523364485982,0.011531605072402532,0.017950328050161272,11.619133846385997,187250.0,1872.4999999999998,157144.64,203712.13999999996,28232.860000000044,277.69166666666666,4.666620139832
35.0,2000.0,0.9300000000000002,Manual,6627,0,6627,0,0.0,,,,0.0,0.0,0.0,0.0,231945.0,0.0,1325.4,24.2
35.0,2000.0,0.9300000000000002,Checks,6627,5858,769,159,0.8839595593783008,0.02714236940935473,0.023280788856429507,0.03162373125206336,23.99275690357628,205030.0,2050.2999999999997,324881.33999999997,353846.6399999999,-121901.6399999999,178.20833333333334,2.811861827875861
35.0,2000.0,0.9300000000000002,Checks + score,6627,5323,1304,74,0.8032292138222423,0.013901934999060681,0.01108875287653712,0.017416243404936693,11.166440319903426,186305.0,1863.05,151014.97999999998,198518.02999999997,33426.97000000003,282.9791666666667,4.765199813892661
35.0,2000.0,0.9350000000000002,Manual,6627,0,6627,0,0.0,,,,0.0,0.0,0.0,0.0,231945.0,0.0,1325.4,24.2
35.0,2000.0,0.9350000000000002,Checks,6627,5858,769,159,0.8839595593783008,0.02714236940935473,0.023280788856429507,0.03162373125206336,23.99275690357628,205030.0,2050.2999999999997,324881.33999999997,353846.6399999999,-121901.6399999999,178.20833333333334,2.811861827875861
35.0,2000.0,0.9350000000000002,Checks + score,6627,5283,1344,70,0.797193300135808,0.013250047321597578,0.010501243438891653,0.01670622954460004,10.562848951259998,184905.0,1849.05,142782.09000000003,191671.13999999996,40273.860000000044,290.8125,4.911243775464011
35.0,2000.0,0.9400000000000002,Manual,6627,0,6627,0,0.0,,,,0.0,0.0,0.0,0.0,231945.0,0.0,1325.4,24.2
35.0,2000.0,0.9400000000000002,Checks,6627,5858,769,159,0.8839595593783008,0.02714236940935473,0.023280788856429507,0.03162373125206336,23.99275690357628,205030.0,2050.2999999999997,324881.33999999997,353846.6399999999,-121901.6399999999,178.20833333333334,2.811861827875861
35.0,2000.0,0.9400000000000002,Checks + score,6627,5243,1384,66,0.7911573864493737,0.012588212855235552,0.009907305272388806,0.015982860727667303,9.95925758261657,183505.0,1835.05,134642.09000000003,184917.13999999998,47027.860000000015,298.6458333333333,5.0572877370353595
35.0,2000.0,0.9450000000000002,Manual,6627,0,6627,0,0.0,,,,0.0,0.0,0.0,0.0,231945.0,0.0,1325.4,24.2
35.0,2000.0,0.9450000000000002,Checks,6627,5858,769,159,0.8839595593783008,0.02714236940935473,0.023280788856429507,0.03162373125206336,23.99275690357628,205030.0,2050.2999999999997,324881.33999999997,353846.6399999999,-121901.6399999999,178.20833333333334,2.811861827875861
35.0,2000.0,0.9450000000000002,Checks + score,6627,5207,1420,64,0.7857250641315829,0.012291146533512579,0.009637508078914411,0.01566389428956288,9.657461898294855,182245.0,1822.4499999999998,130572.09,182094.53999999995,49850.46000000005,305.6958333333333,5.188727302449575
35.0,2000.0,0.9500000000000002,Manual,6627,0,6627,0,0.0,,,,0.0,0.0,0.0,0.0,231945.0,0.0,1325.4,24.2
35.0,2000.0,0.9500000000000002,Checks,6627,5858,769,159,0.8839595593783008,0.02714236940935473,0.023280788856429507,0.03162373125206336,23.99275690357628,205030.0,2050.2999999999997,324881.33999999997,353846.6399999999,-121901.6399999999,178.20833333333334,2.811861827875861
35.0,2000.0,0.9500000000000002,Checks + score,6627,5170,1457,59,0.7801418439716312,0.011411992263056094,0.008857861063147038,0.0146916809251504,8.90297268749057,180950.0,1809.4999999999998,120477.15000000001,173281.64999999997,58663.350000000035,312.94166666666666,5.323817966903073
35.0,2000.0,0.9550000000000002,Manual,6627,0,6627,0,0.0,,,,0.0,0.0,0.0,0.0,231945.0,0.0,1325.4,24.2
35.0,2000.0,0.9550000000000002,Checks,6627,5858,769,159,0.8839595593783008,0.02714236940935473,0.023280788856429507,0.03162373125206336,23.99275690357628,205030.0,2050.2999999999997,324881.33999999997,353846.6399999999,-121901.6399999999,178.20833333333334,2.811861827875861
35.0,2000.0,0.9550000000000002,Checks + score,6627,5123,1504,59,0.7730496453900709,0.011516689439781378,0.00893921830467818,0.014826212638224364,8.90297268749057,179305.0,1793.05,120477.15000000001,174910.19999999995,57034.80000000005,322.1458333333333,5.4954196217494085
35.0,2000.0,0.9600000000000002,Manual,6627,0,6627,0,0.0,,,,0.0,0.0,0.0,0.0,231945.0,0.0,1325.4,24.2
35.0,2000.0,0.9600000000000002,Checks,6627,5858,769,159,0.8839595593783008,0.02714236940935473,0.023280788856429507,0.03162373125206336,23.99275690357628,205030.0,2050.2999999999997,324881.33999999997,353846.6399999999,-121901.6399999999,178.20833333333334,2.811861827875861
35.0,2000.0,0.9600000000000002,Checks + score,6627,5045,1582,54,0.7612796137015241,0.010703666997026759,0.008213149869281452,0.01393878296220211,8.148483476686284,176575.0,1765.75,110241.17000000001,167376.91999999995,64568.080000000045,337.42083333333335,5.780205346813541
35.0,2000.0,0.9650000000000002,Manual,6627,0,6627,0,0.0,,,,0.0,0.0,0.0,0.0,231945.0,0.0,1325.4,24.2
35.0,2000.0,0.9650000000000002,Checks,6627,5858,769,159,0.8839595593783008,0.02714236940935473,0.023280788856429507,0.03162373125206336,23.99275690357628,205030.0,2050.2999999999997,324881.33999999997,353846.6399999999,-121901.6399999999,178.20833333333334,2.811861827875861
35.0,2000.0,0.9650000000000002,Checks + score,6627,4938,1689,48,0.7451335445903123,0.009720534629404616,0.0073397435403957465,0.012863574995754827,7.24309642372114,172830.0,1728.3,98067.38,158910.68,73034.32,358.375,6.1708729440168995
35.0,2000.0,0.9700000000000002,Manual,6627,0,6627,0,0.0,,,,0.0,0.0,0.0,0.0,231945.0,0.0,1325.4,24.2
35.0,2000.0,0.9700000000000002,Checks,6627,5858,769,159,0.8839595593783008,0.02714236940935473,0.023280788856429507,0.03162373125206336,23.99275690357628,205030.0,2050.2999999999997,324881.33999999997,353846.6399999999,-121901.6399999999,178.20833333333334,2.811861827875861
35.0,2000.0,0.9700000000000002,Checks + score,6627,4747,1880,45,0.7163120567375887,0.009479671371392459,0.007092420282645978,0.012660206283560734,6.790402897238569,166145.0,1661.4499999999998,91977.53,159438.97999999998,72506.02000000002,395.77916666666664,6.868232860520095
35.0,2000.0,0.9750000000000002,Manual,6627,0,6627,0,0.0,,,,0.0,0.0,0.0,0.0,231945.0,0.0,1325.4,24.2
35.0,2000.0,0.9750000000000002,Checks,6627,5858,769,159,0.8839595593783008,0.02714236940935473,0.023280788856429507,0.03162373125206336,23.99275690357628,205030.0,2050.2999999999997,324881.33999999997,353846.6399999999,-121901.6399999999,178.20833333333334,2.811861827875861
35.0,2000.0,0.9750000000000002,Checks + score,6627,4406,2221,41,0.6648558925607364,0.009305492510213346,0.0068670017703016464,0.01259891283307096,6.1868115285951415,154210.0,1542.1,83746.09000000001,163023.18999999997,68921.81000000003,462.55833333333334,8.113257632915849
35.0,2000.0,0.9800000000000002,Manual,6627,0,6627,0,0.0,,,,0.0,0.0,0.0,0.0,231945.0,0.0,1325.4,24.2
35.0,2000.0,0.9800000000000002,Checks,6627,5858,769,159,0.8839595593783008,0.02714236940935473,0.023280788856429507,0.03162373125206336,23.99275690357628,205030.0,2050.2999999999997,324881.33999999997,353846.6399999999,-121901.6399999999,178.20833333333334,2.811861827875861
35.0,2000.0,0.9800000000000002,Checks + score,6627,3798,2829,36,0.5731100045269353,0.009478672985781991,0.006854599203619891,0.01309404884105404,5.432322317790856,132930.0,1329.3,73621.63,173965.92999999996,57979.070000000036,581.625,10.333125848800362
35.0,2000.0,0.9850000000000002,Manual,6627,0,6627,0,0.0,,,,0.0,0.0,0.0,0.0,231945.0,0.0,1325.4,24.2
35.0,2000.0,0.9850000000000002,Checks,6627,5858,769,159,0.8839595593783008,0.02714236940935473,0.023280788856429507,0.03162373125206336,23.99275690357628,205030.0,2050.2999999999997,324881.33999999997,353846.6399999999,-121901.6399999999,178.20833333333334,2.811861827875861
35.0,2000.0,0.9850000000000002,Checks + score,6627,2521,4106,23,0.38041346008752075,0.009123363744545815,0.006087046570257206,0.01365343932794726,3.470650369699713,88235.0,882.3499999999999,46956.53,191548.87999999998,40396.120000000024,831.7041666666667,14.995579321965696
35.0,2000.0,0.9900000000000002,Manual,6627,0,6627,0,0.0,,,,0.0,0.0,0.0,0.0,231945.0,0.0,1325.4,24.2
35.0,2000.0,0.9900000000000002,Checks,6627,5858,769,159,0.8839595593783008,0.02714236940935473,0.023280788856429507,0.03162373125206336,23.99275690357628,205030.0,2050.2999999999997,324881.33999999997,353846.6399999999,-121901.6399999999,178.20833333333334,2.811861827875861
35.0,2000.0,0.9900000000000002,Checks + score,6627,610,6017,5,0.09204768371812283,0.00819672131147541,0.003506033552696567,0.0190431061602196,0.7544892108042855,21350.0,213.5,10199.71,221008.21000000002,10936.789999999979,1205.9416666666666,21.972829586036916
35.0,2000.0,0.9950000000000002,Manual,6627,0,6627,0,0.0,,,,0.0,0.0,0.0,0.0,231945.0,0.0,1325.4,24.2
35.0,2000.0,0.9950000000000002,Checks,6627,5858,769,159,0.8839595593783008,0.02714236940935473,0.023280788856429507,0.03162373125206336,23.99275690357628,205030.0,2050.2999999999997,324881.33999999997,353846.6399999999,-121901.6399999999,178.20833333333334,2.811861827875861
35.0,2000.0,0.9950000000000002,Checks + score,6627,1,6626,0,0.0001508978421608571,0.0,0.0,0.7934567085261071,0.0,35.0,0.35,0.0,231910.35,34.64999999999418,1325.2041666666667,24.196348900960714
35.0,2000.0,1.0,Manual,6627,0,6627,0,0.0,,,,0.0,0.0,0.0,0.0,231945.0,0.0,1325.4,24.2
35.0,2000.0,1.0,Checks,6627,5858,769,159,0.8839595593783008,0.02714236940935473,0.023280788856429507,0.03162373125206336,23.99275690357628,205030.0,2050.2999999999997,324881.33999999997,353846.6399999999,-121901.6399999999,178.20833333333334,2.811861827875861
35.0,2000.0,1.0,Checks + score,6627,0,6627,0,0.0,,,,0.0,0.0,0.0,0.0,231945.0,0.0,1325.4,24.2
